PS1,Battle Arena Toshinden,215.759,1995-01-08,Takara,01/01/1995,
PS1,Battle Arena Toshinden,53.21,1995-01-15,Takara,01/01/1995,
PS1,Battle Arena Toshinden,37.737,1995-01-22,Takara,01/01/1995,
PS1,Battle Arena Toshinden,38.164,1995-01-29,Takara,01/01/1995,
PS1,Battle Arena Toshinden,34.149,1995-02-05,Takara,01/01/1995,
PS1,Battle Arena Toshinden,18.498,1995-02-12,Takara,01/01/1995,
PS1,Battle Arena Toshinden,16.52,1995-02-19,Takara,01/01/1995,
PS1,Battle Arena Toshinden,18.798,1995-02-26,Takara,01/01/1995,
PS1,Battle Arena Toshinden,19.44,1995-03-05,Takara,01/01/1995,
PS1,Battle Arena Toshinden,15.377,1995-03-12,Takara,01/01/1995,
PS1,Battle Arena Toshinden,11.067,1995-03-19,Takara,01/01/1995,
PS1,Battle Arena Toshinden,13.352,1995-03-26,Takara,01/01/1995,
PS1,Battle Arena Toshinden,7.198,1995-04-02,Takara,01/01/1995,
PS1,Battle Arena Toshinden,5.851,1995-04-09,Takara,01/01/1995,
PS1,Battle Arena Toshinden,3.117,1995-04-16,Takara,01/01/1995,
PS1,Battle Arena Toshinden,0.0,1995-04-23,Takara,01/01/1995,
PS1,Battle Arena Toshinden,0.0,1995-04-30,Takara,01/01/1995,
PS1,Battle Arena Toshinden,0.0,1995-05-07,Takara,01/01/1995,
PS1,Battle Arena Toshinden,0.0,1995-05-14,Takara,01/01/1995,
PS1,Battle Arena Toshinden,0.0,1995-05-21,Takara,01/01/1995,
PS1,Battle Arena Toshinden,0.0,1995-05-28,Takara,01/01/1995,
PS1,Battle Arena Toshinden,0.0,1995-06-04,Takara,01/01/1995,
PS1,Battle Arena Toshinden,2.398,1995-06-11,Takara,01/01/1995,
PS1,Battle Arena Toshinden,0.0,1995-06-18,Takara,01/01/1995,
PS1,Battle Arena Toshinden,0.0,1995-06-25,Takara,01/01/1995,
PS1,Battle Arena Toshinden,0.0,1995-07-02,Takara,01/01/1995,
PS1,Battle Arena Toshinden,10.629,1995-07-09,Takara,01/01/1995,
PS1,Battle Arena Toshinden,10.143,1995-07-16,Takara,01/01/1995,
PS1,Battle Arena Toshinden,0.0,1995-07-23,Takara,01/01/1995,
PS1,Battle Arena Toshinden,0.0,1995-07-30,Takara,01/01/1995,
PS1,Battle Arena Toshinden,0.0,1995-08-06,Takara,01/01/1995,
PS1,Battle Arena Toshinden,0.0,1995-08-13,Takara,01/01/1995,
PS1,Battle Arena Toshinden,0.0,1995-08-20,Takara,01/01/1995,
PS1,Battle Arena Toshinden,0.0,1995-08-27,Takara,01/01/1995,
PS1,Battle Arena Toshinden,0.0,1995-09-03,Takara,01/01/1995,
PS1,Battle Arena Toshinden,0.0,1995-09-10,Takara,01/01/1995,
PS1,Battle Arena Toshinden,0.0,1995-09-17,Takara,01/01/1995,
PS1,Battle Arena Toshinden,0.0,1995-09-24,Takara,01/01/1995,
PS1,Battle Arena Toshinden,0.0,1995-10-01,Takara,01/01/1995,
PS1,Battle Arena Toshinden,0.0,1995-10-08,Takara,01/01/1995,
PS1,Battle Arena Toshinden,0.0,1995-10-15,Takara,01/01/1995,
PS1,Battle Arena Toshinden,0.0,1995-10-22,Takara,01/01/1995,
PS1,Battle Arena Toshinden,0.0,1995-10-29,Takara,01/01/1995,
PS1,Battle Arena Toshinden,0.0,1995-11-05,Takara,01/01/1995,
PS1,Battle Arena Toshinden,0.0,1995-11-12,Takara,01/01/1995,
PS1,Battle Arena Toshinden,0.0,1995-11-19,Takara,01/01/1995,
PS1,Battle Arena Toshinden,0.0,1995-11-26,Takara,01/01/1995,
PS1,Battle Arena Toshinden,0.0,1995-12-03,Takara,01/01/1995,
PS1,Battle Arena Toshinden,0.0,1995-12-10,Takara,01/01/1995,
PS1,Battle Arena Toshinden,0.0,1995-12-17,Takara,01/01/1995,
PS1,Battle Arena Toshinden,0.0,1995-12-24,Takara,01/01/1995,
PS1,Battle Arena Toshinden,0.0,1995-12-31,Takara,01/01/1995,
SFC,Donkey Kong Country,128.673,1995-01-08,Nintendo,26/11/1994,
SFC,Donkey Kong Country,55.834,1995-01-15,Nintendo,26/11/1994,
SFC,Donkey Kong Country,38.055,1995-01-22,Nintendo,26/11/1994,
SFC,Donkey Kong Country,38.296,1995-01-29,Nintendo,26/11/1994,
SFC,Donkey Kong Country,43.526,1995-02-05,Nintendo,26/11/1994,
SFC,Donkey Kong Country,40.486,1995-02-12,Nintendo,26/11/1994,
SFC,Donkey Kong Country,27.963,1995-02-19,Nintendo,26/11/1994,
SFC,Donkey Kong Country,28.266,1995-02-26,Nintendo,26/11/1994,
SFC,Donkey Kong Country,30.744,1995-03-05,Nintendo,26/11/1994,
SFC,Donkey Kong Country,24.776,1995-03-12,Nintendo,26/11/1994,
SFC,Donkey Kong Country,15.126,1995-03-19,Nintendo,26/11/1994,
SFC,Donkey Kong Country,32.084,1995-03-26,Nintendo,26/11/1994,
SFC,Donkey Kong Country,18.575,1995-04-02,Nintendo,26/11/1994,
SFC,Donkey Kong Country,21.488,1995-04-09,Nintendo,26/11/1994,
SFC,Donkey Kong Country,16.213,1995-04-16,Nintendo,26/11/1994,
SFC,Donkey Kong Country,11.822,1995-04-23,Nintendo,26/11/1994,
SFC,Donkey Kong Country,11.994,1995-04-30,Nintendo,26/11/1994,
SFC,Donkey Kong Country,11.994,1995-05-07,Nintendo,26/11/1994,
SFC,Donkey Kong Country,9.53,1995-05-14,Nintendo,26/11/1994,
SFC,Donkey Kong Country,9.596,1995-05-21,Nintendo,26/11/1994,
SFC,Donkey Kong Country,7.537,1995-05-28,Nintendo,26/11/1994,
SFC,Donkey Kong Country,6.136,1995-06-04,Nintendo,26/11/1994,
SFC,Donkey Kong Country,5.778,1995-06-11,Nintendo,26/11/1994,
SFC,Donkey Kong Country,4.785,1995-06-18,Nintendo,26/11/1994,
SFC,Donkey Kong Country,3.752,1995-06-25,Nintendo,26/11/1994,
SFC,Donkey Kong Country,0.0,1995-07-02,Nintendo,26/11/1994,
SFC,Donkey Kong Country,0.0,1995-07-09,Nintendo,26/11/1994,
SFC,Donkey Kong Country,0.0,1995-07-16,Nintendo,26/11/1994,
SFC,Donkey Kong Country,0.0,1995-07-23,Nintendo,26/11/1994,
SFC,Donkey Kong Country,0.0,1995-07-30,Nintendo,26/11/1994,
SFC,Donkey Kong Country,0.0,1995-08-06,Nintendo,26/11/1994,
SFC,Donkey Kong Country,0.0,1995-08-13,Nintendo,26/11/1994,
SFC,Donkey Kong Country,0.0,1995-08-20,Nintendo,26/11/1994,
SFC,Donkey Kong Country,0.0,1995-08-27,Nintendo,26/11/1994,
SFC,Donkey Kong Country,0.0,1995-09-03,Nintendo,26/11/1994,
SFC,Donkey Kong Country,0.0,1995-09-10,Nintendo,26/11/1994,
SFC,Donkey Kong Country,0.0,1995-09-17,Nintendo,26/11/1994,
SFC,Donkey Kong Country,0.0,1995-09-24,Nintendo,26/11/1994,
SFC,Donkey Kong Country,0.0,1995-10-01,Nintendo,26/11/1994,
SFC,Donkey Kong Country,0.0,1995-10-08,Nintendo,26/11/1994,
SFC,Donkey Kong Country,0.0,1995-10-15,Nintendo,26/11/1994,
SFC,Donkey Kong Country,0.0,1995-10-22,Nintendo,26/11/1994,
SFC,Donkey Kong Country,0.0,1995-10-29,Nintendo,26/11/1994,
SFC,Donkey Kong Country,0.0,1995-11-05,Nintendo,26/11/1994,
SFC,Donkey Kong Country,0.0,1995-11-12,Nintendo,26/11/1994,
SFC,Donkey Kong Country,0.0,1995-11-19,Nintendo,26/11/1994,
SFC,Donkey Kong Country,0.0,1995-11-26,Nintendo,26/11/1994,
SFC,Donkey Kong Country,0.0,1995-12-03,Nintendo,26/11/1994,
SFC,Donkey Kong Country,0.0,1995-12-10,Nintendo,26/11/1994,
SFC,Donkey Kong Country,0.0,1995-12-17,Nintendo,26/11/1994,
SFC,Donkey Kong Country,0.0,1995-12-24,Nintendo,26/11/1994,
SFC,Donkey Kong Country,0.0,1995-12-31,Nintendo,26/11/1994,
SFC,Super Fire Pro Wrestling Special,54.735,1995-01-08,Human Entertainment,22/12/1994,
SFC,Super Fire Pro Wrestling Special,13.319,1995-01-15,Human Entertainment,22/12/1994,
SFC,Super Fire Pro Wrestling Special,5.825,1995-01-22,Human Entertainment,22/12/1994,
SFC,Super Fire Pro Wrestling Special,0.0,1995-01-29,Human Entertainment,22/12/1994,
SFC,Super Fire Pro Wrestling Special,0.0,1995-02-05,Human Entertainment,22/12/1994,
SFC,Super Fire Pro Wrestling Special,0.0,1995-02-12,Human Entertainment,22/12/1994,
SFC,Super Fire Pro Wrestling Special,0.0,1995-02-19,Human Entertainment,22/12/1994,
SFC,Super Fire Pro Wrestling Special,0.0,1995-02-26,Human Entertainment,22/12/1994,
SFC,Super Fire Pro Wrestling Special,0.0,1995-03-05,Human Entertainment,22/12/1994,
SFC,Super Fire Pro Wrestling Special,0.0,1995-03-12,Human Entertainment,22/12/1994,
SFC,Super Fire Pro Wrestling Special,0.0,1995-03-19,Human Entertainment,22/12/1994,
SFC,Super Fire Pro Wrestling Special,0.0,1995-03-26,Human Entertainment,22/12/1994,
SFC,Super Fire Pro Wrestling Special,0.0,1995-04-02,Human Entertainment,22/12/1994,
SFC,Super Fire Pro Wrestling Special,0.0,1995-04-09,Human Entertainment,22/12/1994,
SFC,Super Fire Pro Wrestling Special,0.0,1995-04-16,Human Entertainment,22/12/1994,
SFC,Super Fire Pro Wrestling Special,0.0,1995-04-23,Human Entertainment,22/12/1994,
SFC,Super Fire Pro Wrestling Special,0.0,1995-04-30,Human Entertainment,22/12/1994,
SFC,Super Fire Pro Wrestling Special,0.0,1995-05-07,Human Entertainment,22/12/1994,
SFC,Super Fire Pro Wrestling Special,0.0,1995-05-14,Human Entertainment,22/12/1994,
SFC,Super Fire Pro Wrestling Special,0.0,1995-05-21,Human Entertainment,22/12/1994,
SFC,Super Fire Pro Wrestling Special,0.0,1995-05-28,Human Entertainment,22/12/1994,
SFC,Super Fire Pro Wrestling Special,0.0,1995-06-04,Human Entertainment,22/12/1994,
SFC,Super Fire Pro Wrestling Special,0.0,1995-06-11,Human Entertainment,22/12/1994,
SFC,Super Fire Pro Wrestling Special,0.0,1995-06-18,Human Entertainment,22/12/1994,
SFC,Super Fire Pro Wrestling Special,0.0,1995-06-25,Human Entertainment,22/12/1994,
SFC,Super Fire Pro Wrestling Special,0.0,1995-07-02,Human Entertainment,22/12/1994,
SFC,Super Fire Pro Wrestling Special,0.0,1995-07-09,Human Entertainment,22/12/1994,
SFC,Super Fire Pro Wrestling Special,0.0,1995-07-16,Human Entertainment,22/12/1994,
SFC,Super Fire Pro Wrestling Special,0.0,1995-07-23,Human Entertainment,22/12/1994,
SFC,Super Fire Pro Wrestling Special,0.0,1995-07-30,Human Entertainment,22/12/1994,
SFC,Super Fire Pro Wrestling Special,0.0,1995-08-06,Human Entertainment,22/12/1994,
SFC,Super Fire Pro Wrestling Special,0.0,1995-08-13,Human Entertainment,22/12/1994,
SFC,Super Fire Pro Wrestling Special,0.0,1995-08-20,Human Entertainment,22/12/1994,
SFC,Super Fire Pro Wrestling Special,0.0,1995-08-27,Human Entertainment,22/12/1994,
SFC,Super Fire Pro Wrestling Special,5.048,1995-09-03,Human Entertainment,22/12/1994,
SFC,Super Fire Pro Wrestling Special,0.0,1995-09-10,Human Entertainment,22/12/1994,
SFC,Super Fire Pro Wrestling Special,0.0,1995-09-17,Human Entertainment,22/12/1994,
SFC,Super Fire Pro Wrestling Special,0.0,1995-09-24,Human Entertainment,22/12/1994,
SFC,Super Fire Pro Wrestling Special,0.0,1995-10-01,Human Entertainment,22/12/1994,
SFC,Super Fire Pro Wrestling Special,0.0,1995-10-08,Human Entertainment,22/12/1994,
SFC,Super Fire Pro Wrestling Special,0.0,1995-10-15,Human Entertainment,22/12/1994,
SFC,Super Fire Pro Wrestling Special,0.0,1995-10-22,Human Entertainment,22/12/1994,
SFC,Super Fire Pro Wrestling Special,0.0,1995-10-29,Human Entertainment,22/12/1994,
SFC,Super Fire Pro Wrestling Special,0.0,1995-11-05,Human Entertainment,22/12/1994,
SFC,Super Fire Pro Wrestling Special,0.0,1995-11-12,Human Entertainment,22/12/1994,
SFC,Super Fire Pro Wrestling Special,0.0,1995-11-19,Human Entertainment,22/12/1994,
SFC,Super Fire Pro Wrestling Special,0.0,1995-11-26,Human Entertainment,22/12/1994,
SFC,Super Fire Pro Wrestling Special,0.0,1995-12-03,Human Entertainment,22/12/1994,
SFC,Super Fire Pro Wrestling Special,0.0,1995-12-10,Human Entertainment,22/12/1994,
SFC,Super Fire Pro Wrestling Special,0.0,1995-12-17,Human Entertainment,22/12/1994,
SFC,Super Fire Pro Wrestling Special,0.0,1995-12-24,Human Entertainment,22/12/1994,
SFC,Super Fire Pro Wrestling Special,0.0,1995-12-31,Human Entertainment,22/12/1994,
SAT,Virtua Fighter,51.25,1995-01-08,SEGA,22/11/1994,
SAT,Virtua Fighter,20.758,1995-01-15,SEGA,22/11/1994,
SAT,Virtua Fighter,15.385,1995-01-22,SEGA,22/11/1994,
SAT,Virtua Fighter,16.042,1995-01-29,SEGA,22/11/1994,
SAT,Virtua Fighter,25.218,1995-02-05,SEGA,22/11/1994,
SAT,Virtua Fighter,20.159,1995-02-12,SEGA,22/11/1994,
SAT,Virtua Fighter,18.385,1995-02-19,SEGA,22/11/1994,
SAT,Virtua Fighter,15.644,1995-02-26,SEGA,22/11/1994,
SAT,Virtua Fighter,11.326,1995-03-05,SEGA,22/11/1994,
SAT,Virtua Fighter,11.523,1995-03-12,SEGA,22/11/1994,
SAT,Virtua Fighter,8.497,1995-03-19,SEGA,22/11/1994,
SAT,Virtua Fighter,14.213,1995-03-26,SEGA,22/11/1994,
SAT,Virtua Fighter,8.475,1995-04-02,SEGA,22/11/1994,
SAT,Virtua Fighter,11.227,1995-04-09,SEGA,22/11/1994,
SAT,Virtua Fighter,7.34,1995-04-16,SEGA,22/11/1994,
SAT,Virtua Fighter,4.351,1995-04-23,SEGA,22/11/1994,
SAT,Virtua Fighter,6.661,1995-04-30,SEGA,22/11/1994,
SAT,Virtua Fighter,6.665,1995-05-07,SEGA,22/11/1994,
SAT,Virtua Fighter,10.3,1995-05-14,SEGA,22/11/1994,
SAT,Virtua Fighter,8.366,1995-05-21,SEGA,22/11/1994,
SAT,Virtua Fighter,9.267,1995-05-28,SEGA,22/11/1994,
SAT,Virtua Fighter,9.461,1995-06-04,SEGA,22/11/1994,
SAT,Virtua Fighter,5.906,1995-06-11,SEGA,22/11/1994,
SAT,Virtua Fighter,0.0,1995-06-18,SEGA,22/11/1994,
SAT,Virtua Fighter,5.446,1995-06-25,SEGA,22/11/1994,
SAT,Virtua Fighter,0.0,1995-07-02,SEGA,22/11/1994,
SAT,Virtua Fighter,0.0,1995-07-09,SEGA,22/11/1994,
SAT,Virtua Fighter,0.0,1995-07-16,SEGA,22/11/1994,
SAT,Virtua Fighter,0.0,1995-07-23,SEGA,22/11/1994,
SAT,Virtua Fighter,0.0,1995-07-30,SEGA,22/11/1994,
SAT,Virtua Fighter,0.0,1995-08-06,SEGA,22/11/1994,
SAT,Virtua Fighter,0.0,1995-08-13,SEGA,22/11/1994,
SAT,Virtua Fighter,0.0,1995-08-20,SEGA,22/11/1994,
SAT,Virtua Fighter,0.0,1995-08-27,SEGA,22/11/1994,
SAT,Virtua Fighter,0.0,1995-09-03,SEGA,22/11/1994,
SAT,Virtua Fighter,0.0,1995-09-10,SEGA,22/11/1994,
SAT,Virtua Fighter,0.0,1995-09-17,SEGA,22/11/1994,
SAT,Virtua Fighter,0.0,1995-09-24,SEGA,22/11/1994,
SAT,Virtua Fighter,0.0,1995-10-01,SEGA,22/11/1994,
SAT,Virtua Fighter,0.0,1995-10-08,SEGA,22/11/1994,
SAT,Virtua Fighter,0.0,1995-10-15,SEGA,22/11/1994,
SAT,Virtua Fighter,0.0,1995-10-22,SEGA,22/11/1994,
SAT,Virtua Fighter,0.0,1995-10-29,SEGA,22/11/1994,
SAT,Virtua Fighter,0.0,1995-11-05,SEGA,22/11/1994,
SAT,Virtua Fighter,0.0,1995-11-12,SEGA,22/11/1994,
SAT,Virtua Fighter,0.0,1995-11-19,SEGA,22/11/1994,
SAT,Virtua Fighter,0.0,1995-11-26,SEGA,22/11/1994,
SAT,Virtua Fighter,0.0,1995-12-03,SEGA,22/11/1994,
SAT,Virtua Fighter,0.0,1995-12-10,SEGA,22/11/1994,
SAT,Virtua Fighter,0.0,1995-12-17,SEGA,22/11/1994,
SAT,Virtua Fighter,0.0,1995-12-24,SEGA,22/11/1994,
SAT,Virtua Fighter,0.0,1995-12-31,SEGA,22/11/1994,
SFC,Kamaitachi no Yoru,50.195,1995-01-08,Chun Soft,25/11/1994,
SFC,Kamaitachi no Yoru,24.148,1995-01-15,Chun Soft,25/11/1994,
SFC,Kamaitachi no Yoru,21.907,1995-01-22,Chun Soft,25/11/1994,
SFC,Kamaitachi no Yoru,14.578,1995-01-29,Chun Soft,25/11/1994,
SFC,Kamaitachi no Yoru,19.67,1995-02-05,Chun Soft,25/11/1994,
SFC,Kamaitachi no Yoru,16.107,1995-02-12,Chun Soft,25/11/1994,
SFC,Kamaitachi no Yoru,9.001,1995-02-19,Chun Soft,25/11/1994,
SFC,Kamaitachi no Yoru,6.176,1995-02-26,Chun Soft,25/11/1994,
SFC,Kamaitachi no Yoru,6.683,1995-03-05,Chun Soft,25/11/1994,
SFC,Kamaitachi no Yoru,3.332,1995-03-12,Chun Soft,25/11/1994,
SFC,Kamaitachi no Yoru,0.0,1995-03-19,Chun Soft,25/11/1994,
SFC,Kamaitachi no Yoru,0.0,1995-03-26,Chun Soft,25/11/1994,
SFC,Kamaitachi no Yoru,0.0,1995-04-02,Chun Soft,25/11/1994,
SFC,Kamaitachi no Yoru,0.0,1995-04-09,Chun Soft,25/11/1994,
SFC,Kamaitachi no Yoru,0.0,1995-04-16,Chun Soft,25/11/1994,
SFC,Kamaitachi no Yoru,0.0,1995-04-23,Chun Soft,25/11/1994,
SFC,Kamaitachi no Yoru,0.0,1995-04-30,Chun Soft,25/11/1994,
SFC,Kamaitachi no Yoru,0.0,1995-05-07,Chun Soft,25/11/1994,
SFC,Kamaitachi no Yoru,0.0,1995-05-14,Chun Soft,25/11/1994,
SFC,Kamaitachi no Yoru,0.0,1995-05-21,Chun Soft,25/11/1994,
SFC,Kamaitachi no Yoru,0.0,1995-05-28,Chun Soft,25/11/1994,
SFC,Kamaitachi no Yoru,0.0,1995-06-04,Chun Soft,25/11/1994,
SFC,Kamaitachi no Yoru,0.0,1995-06-11,Chun Soft,25/11/1994,
SFC,Kamaitachi no Yoru,0.0,1995-06-18,Chun Soft,25/11/1994,
SFC,Kamaitachi no Yoru,0.0,1995-06-25,Chun Soft,25/11/1994,
SFC,Kamaitachi no Yoru,0.0,1995-07-02,Chun Soft,25/11/1994,
SFC,Kamaitachi no Yoru,0.0,1995-07-09,Chun Soft,25/11/1994,
SFC,Kamaitachi no Yoru,0.0,1995-07-16,Chun Soft,25/11/1994,
SFC,Kamaitachi no Yoru,0.0,1995-07-23,Chun Soft,25/11/1994,
SFC,Kamaitachi no Yoru,0.0,1995-07-30,Chun Soft,25/11/1994,
SFC,Kamaitachi no Yoru,0.0,1995-08-06,Chun Soft,25/11/1994,
SFC,Kamaitachi no Yoru,0.0,1995-08-13,Chun Soft,25/11/1994,
SFC,Kamaitachi no Yoru,0.0,1995-08-20,Chun Soft,25/11/1994,
SFC,Kamaitachi no Yoru,0.0,1995-08-27,Chun Soft,25/11/1994,
SFC,Kamaitachi no Yoru,0.0,1995-09-03,Chun Soft,25/11/1994,
SFC,Kamaitachi no Yoru,0.0,1995-09-10,Chun Soft,25/11/1994,
SFC,Kamaitachi no Yoru,0.0,1995-09-17,Chun Soft,25/11/1994,
SFC,Kamaitachi no Yoru,0.0,1995-09-24,Chun Soft,25/11/1994,
SFC,Kamaitachi no Yoru,0.0,1995-10-01,Chun Soft,25/11/1994,
SFC,Kamaitachi no Yoru,0.0,1995-10-08,Chun Soft,25/11/1994,
SFC,Kamaitachi no Yoru,0.0,1995-10-15,Chun Soft,25/11/1994,
SFC,Kamaitachi no Yoru,0.0,1995-10-22,Chun Soft,25/11/1994,
SFC,Kamaitachi no Yoru,0.0,1995-10-29,Chun Soft,25/11/1994,
SFC,Kamaitachi no Yoru,0.0,1995-11-05,Chun Soft,25/11/1994,
SFC,Kamaitachi no Yoru,0.0,1995-11-12,Chun Soft,25/11/1994,
SFC,Kamaitachi no Yoru,0.0,1995-11-19,Chun Soft,25/11/1994,
SFC,Kamaitachi no Yoru,0.0,1995-11-26,Chun Soft,25/11/1994,
SFC,Kamaitachi no Yoru,0.0,1995-12-03,Chun Soft,25/11/1994,
SFC,Kamaitachi no Yoru,0.0,1995-12-10,Chun Soft,25/11/1994,
SFC,Kamaitachi no Yoru,0.0,1995-12-17,Chun Soft,25/11/1994,
SFC,Kamaitachi no Yoru,0.0,1995-12-24,Chun Soft,25/11/1994,
SFC,Kamaitachi no Yoru,0.0,1995-12-31,Chun Soft,25/11/1994,
SFC,Romance of the Three Kingdoms IV: Wall of Fire,35.339,1995-01-08,Koei,09/12/1994,
SFC,Romance of the Three Kingdoms IV: Wall of Fire,17.838,1995-01-15,Koei,09/12/1994,
SFC,Romance of the Three Kingdoms IV: Wall of Fire,14.761,1995-01-22,Koei,09/12/1994,
SFC,Romance of the Three Kingdoms IV: Wall of Fire,10.395,1995-01-29,Koei,09/12/1994,
SFC,Romance of the Three Kingdoms IV: Wall of Fire,8.643,1995-02-05,Koei,09/12/1994,
SFC,Romance of the Three Kingdoms IV: Wall of Fire,8.574,1995-02-12,Koei,09/12/1994,
SFC,Romance of the Three Kingdoms IV: Wall of Fire,6.274,1995-02-19,Koei,09/12/1994,
SFC,Romance of the Three Kingdoms IV: Wall of Fire,0.0,1995-02-26,Koei,09/12/1994,
SFC,Romance of the Three Kingdoms IV: Wall of Fire,0.0,1995-03-05,Koei,09/12/1994,
SFC,Romance of the Three Kingdoms IV: Wall of Fire,0.0,1995-03-12,Koei,09/12/1994,
SFC,Romance of the Three Kingdoms IV: Wall of Fire,0.0,1995-03-19,Koei,09/12/1994,
SFC,Romance of the Three Kingdoms IV: Wall of Fire,0.0,1995-03-26,Koei,09/12/1994,
SFC,Romance of the Three Kingdoms IV: Wall of Fire,0.0,1995-04-02,Koei,09/12/1994,
SFC,Romance of the Three Kingdoms IV: Wall of Fire,0.0,1995-04-09,Koei,09/12/1994,
SFC,Romance of the Three Kingdoms IV: Wall of Fire,0.0,1995-04-16,Koei,09/12/1994,
SFC,Romance of the Three Kingdoms IV: Wall of Fire,0.0,1995-04-23,Koei,09/12/1994,
SFC,Romance of the Three Kingdoms IV: Wall of Fire,0.0,1995-04-30,Koei,09/12/1994,
SFC,Romance of the Three Kingdoms IV: Wall of Fire,0.0,1995-05-07,Koei,09/12/1994,
SFC,Romance of the Three Kingdoms IV: Wall of Fire,0.0,1995-05-14,Koei,09/12/1994,
SFC,Romance of the Three Kingdoms IV: Wall of Fire,0.0,1995-05-21,Koei,09/12/1994,
SFC,Romance of the Three Kingdoms IV: Wall of Fire,0.0,1995-05-28,Koei,09/12/1994,
SFC,Romance of the Three Kingdoms IV: Wall of Fire,0.0,1995-06-04,Koei,09/12/1994,
SFC,Romance of the Three Kingdoms IV: Wall of Fire,0.0,1995-06-11,Koei,09/12/1994,
SFC,Romance of the Three Kingdoms IV: Wall of Fire,0.0,1995-06-18,Koei,09/12/1994,
SFC,Romance of the Three Kingdoms IV: Wall of Fire,0.0,1995-06-25,Koei,09/12/1994,
SFC,Romance of the Three Kingdoms IV: Wall of Fire,0.0,1995-07-02,Koei,09/12/1994,
SFC,Romance of the Three Kingdoms IV: Wall of Fire,0.0,1995-07-09,Koei,09/12/1994,
SFC,Romance of the Three Kingdoms IV: Wall of Fire,0.0,1995-07-16,Koei,09/12/1994,
SFC,Romance of the Three Kingdoms IV: Wall of Fire,0.0,1995-07-23,Koei,09/12/1994,
SFC,Romance of the Three Kingdoms IV: Wall of Fire,0.0,1995-07-30,Koei,09/12/1994,
SFC,Romance of the Three Kingdoms IV: Wall of Fire,0.0,1995-08-06,Koei,09/12/1994,
SFC,Romance of the Three Kingdoms IV: Wall of Fire,0.0,1995-08-13,Koei,09/12/1994,
SFC,Romance of the Three Kingdoms IV: Wall of Fire,0.0,1995-08-20,Koei,09/12/1994,
SFC,Romance of the Three Kingdoms IV: Wall of Fire,0.0,1995-08-27,Koei,09/12/1994,
SFC,Romance of the Three Kingdoms IV: Wall of Fire,0.0,1995-09-03,Koei,09/12/1994,
SFC,Romance of the Three Kingdoms IV: Wall of Fire,0.0,1995-09-10,Koei,09/12/1994,
SFC,Romance of the Three Kingdoms IV: Wall of Fire,0.0,1995-09-17,Koei,09/12/1994,
SFC,Romance of the Three Kingdoms IV: Wall of Fire,0.0,1995-09-24,Koei,09/12/1994,
SFC,Romance of the Three Kingdoms IV: Wall of Fire,0.0,1995-10-01,Koei,09/12/1994,
SFC,Romance of the Three Kingdoms IV: Wall of Fire,0.0,1995-10-08,Koei,09/12/1994,
SFC,Romance of the Three Kingdoms IV: Wall of Fire,0.0,1995-10-15,Koei,09/12/1994,
SFC,Romance of the Three Kingdoms IV: Wall of Fire,0.0,1995-10-22,Koei,09/12/1994,
SFC,Romance of the Three Kingdoms IV: Wall of Fire,0.0,1995-10-29,Koei,09/12/1994,
SFC,Romance of the Three Kingdoms IV: Wall of Fire,0.0,1995-11-05,Koei,09/12/1994,
SFC,Romance of the Three Kingdoms IV: Wall of Fire,0.0,1995-11-12,Koei,09/12/1994,
SFC,Romance of the Three Kingdoms IV: Wall of Fire,0.0,1995-11-19,Koei,09/12/1994,
SFC,Romance of the Three Kingdoms IV: Wall of Fire,0.0,1995-11-26,Koei,09/12/1994,
SFC,Romance of the Three Kingdoms IV: Wall of Fire,0.0,1995-12-03,Koei,09/12/1994,
SFC,Romance of the Three Kingdoms IV: Wall of Fire,0.0,1995-12-10,Koei,09/12/1994,
SFC,Romance of the Three Kingdoms IV: Wall of Fire,0.0,1995-12-17,Koei,09/12/1994,
SFC,Romance of the Three Kingdoms IV: Wall of Fire,0.0,1995-12-24,Koei,09/12/1994,
SFC,Romance of the Three Kingdoms IV: Wall of Fire,0.0,1995-12-31,Koei,09/12/1994,
PS1,Fantastic Parodius - Pursue the Glory of the Past,33.379,1995-01-08,Konami,03/12/1994,
PS1,Fantastic Parodius - Pursue the Glory of the Past,16.542,1995-01-15,Konami,03/12/1994,
PS1,Fantastic Parodius - Pursue the Glory of the Past,7.212,1995-01-22,Konami,03/12/1994,
PS1,Fantastic Parodius - Pursue the Glory of the Past,4.982,1995-01-29,Konami,03/12/1994,
PS1,Fantastic Parodius - Pursue the Glory of the Past,0.0,1995-02-05,Konami,03/12/1994,
PS1,Fantastic Parodius - Pursue the Glory of the Past,3.752,1995-02-12,Konami,03/12/1994,
PS1,Fantastic Parodius - Pursue the Glory of the Past,0.0,1995-02-19,Konami,03/12/1994,
PS1,Fantastic Parodius - Pursue the Glory of the Past,0.0,1995-02-26,Konami,03/12/1994,
PS1,Fantastic Parodius - Pursue the Glory of the Past,0.0,1995-03-05,Konami,03/12/1994,
PS1,Fantastic Parodius - Pursue the Glory of the Past,0.0,1995-03-12,Konami,03/12/1994,
PS1,Fantastic Parodius - Pursue the Glory of the Past,0.0,1995-03-19,Konami,03/12/1994,
PS1,Fantastic Parodius - Pursue the Glory of the Past,0.0,1995-03-26,Konami,03/12/1994,
PS1,Fantastic Parodius - Pursue the Glory of the Past,0.0,1995-04-02,Konami,03/12/1994,
PS1,Fantastic Parodius - Pursue the Glory of the Past,0.0,1995-04-09,Konami,03/12/1994,
PS1,Fantastic Parodius - Pursue the Glory of the Past,0.0,1995-04-16,Konami,03/12/1994,
PS1,Fantastic Parodius - Pursue the Glory of the Past,0.0,1995-04-23,Konami,03/12/1994,
PS1,Fantastic Parodius - Pursue the Glory of the Past,0.0,1995-04-30,Konami,03/12/1994,
PS1,Fantastic Parodius - Pursue the Glory of the Past,0.0,1995-05-07,Konami,03/12/1994,
PS1,Fantastic Parodius - Pursue the Glory of the Past,0.0,1995-05-14,Konami,03/12/1994,
PS1,Fantastic Parodius - Pursue the Glory of the Past,0.0,1995-05-21,Konami,03/12/1994,
PS1,Fantastic Parodius - Pursue the Glory of the Past,0.0,1995-05-28,Konami,03/12/1994,
PS1,Fantastic Parodius - Pursue the Glory of the Past,0.0,1995-06-04,Konami,03/12/1994,
PS1,Fantastic Parodius - Pursue the Glory of the Past,0.0,1995-06-11,Konami,03/12/1994,
PS1,Fantastic Parodius - Pursue the Glory of the Past,0.0,1995-06-18,Konami,03/12/1994,
PS1,Fantastic Parodius - Pursue the Glory of the Past,0.0,1995-06-25,Konami,03/12/1994,
PS1,Fantastic Parodius - Pursue the Glory of the Past,0.0,1995-07-02,Konami,03/12/1994,
PS1,Fantastic Parodius - Pursue the Glory of the Past,0.0,1995-07-09,Konami,03/12/1994,
PS1,Fantastic Parodius - Pursue the Glory of the Past,0.0,1995-07-16,Konami,03/12/1994,
PS1,Fantastic Parodius - Pursue the Glory of the Past,0.0,1995-07-23,Konami,03/12/1994,
PS1,Fantastic Parodius - Pursue the Glory of the Past,0.0,1995-07-30,Konami,03/12/1994,
PS1,Fantastic Parodius - Pursue the Glory of the Past,0.0,1995-08-06,Konami,03/12/1994,
PS1,Fantastic Parodius - Pursue the Glory of the Past,0.0,1995-08-13,Konami,03/12/1994,
PS1,Fantastic Parodius - Pursue the Glory of the Past,0.0,1995-08-20,Konami,03/12/1994,
PS1,Fantastic Parodius - Pursue the Glory of the Past,0.0,1995-08-27,Konami,03/12/1994,
PS1,Fantastic Parodius - Pursue the Glory of the Past,0.0,1995-09-03,Konami,03/12/1994,
PS1,Fantastic Parodius - Pursue the Glory of the Past,0.0,1995-09-10,Konami,03/12/1994,
PS1,Fantastic Parodius - Pursue the Glory of the Past,0.0,1995-09-17,Konami,03/12/1994,
PS1,Fantastic Parodius - Pursue the Glory of the Past,0.0,1995-09-24,Konami,03/12/1994,
PS1,Fantastic Parodius - Pursue the Glory of the Past,0.0,1995-10-01,Konami,03/12/1994,
PS1,Fantastic Parodius - Pursue the Glory of the Past,0.0,1995-10-08,Konami,03/12/1994,
PS1,Fantastic Parodius - Pursue the Glory of the Past,0.0,1995-10-15,Konami,03/12/1994,
PS1,Fantastic Parodius - Pursue the Glory of the Past,0.0,1995-10-22,Konami,03/12/1994,
PS1,Fantastic Parodius - Pursue the Glory of the Past,0.0,1995-10-29,Konami,03/12/1994,
PS1,Fantastic Parodius - Pursue the Glory of the Past,0.0,1995-11-05,Konami,03/12/1994,
PS1,Fantastic Parodius - Pursue the Glory of the Past,0.0,1995-11-12,Konami,03/12/1994,
PS1,Fantastic Parodius - Pursue the Glory of the Past,0.0,1995-11-19,Konami,03/12/1994,
PS1,Fantastic Parodius - Pursue the Glory of the Past,0.0,1995-11-26,Konami,03/12/1994,
PS1,Fantastic Parodius - Pursue the Glory of the Past,0.0,1995-12-03,Konami,03/12/1994,
PS1,Fantastic Parodius - Pursue the Glory of the Past,0.0,1995-12-10,Konami,03/12/1994,
PS1,Fantastic Parodius - Pursue the Glory of the Past,0.0,1995-12-17,Konami,03/12/1994,
PS1,Fantastic Parodius - Pursue the Glory of the Past,0.0,1995-12-24,Konami,03/12/1994,
PS1,Fantastic Parodius - Pursue the Glory of the Past,0.0,1995-12-31,Konami,03/12/1994,
SFC,Daikaijū Monogatari,32.226,1995-01-08,Hudson,22/12/1994,
SFC,Daikaijū Monogatari,16.772,1995-01-15,Hudson,22/12/1994,
SFC,Daikaijū Monogatari,9.373,1995-01-22,Hudson,22/12/1994,
SFC,Daikaijū Monogatari,0.0,1995-01-29,Hudson,22/12/1994,
SFC,Daikaijū Monogatari,0.0,1995-02-05,Hudson,22/12/1994,
SFC,Daikaijū Monogatari,0.0,1995-02-12,Hudson,22/12/1994,
SFC,Daikaijū Monogatari,0.0,1995-02-19,Hudson,22/12/1994,
SFC,Daikaijū Monogatari,0.0,1995-02-26,Hudson,22/12/1994,
SFC,Daikaijū Monogatari,0.0,1995-03-05,Hudson,22/12/1994,
SFC,Daikaijū Monogatari,0.0,1995-03-12,Hudson,22/12/1994,
SFC,Daikaijū Monogatari,0.0,1995-03-19,Hudson,22/12/1994,
SFC,Daikaijū Monogatari,0.0,1995-03-26,Hudson,22/12/1994,
SFC,Daikaijū Monogatari,0.0,1995-04-02,Hudson,22/12/1994,
SFC,Daikaijū Monogatari,0.0,1995-04-09,Hudson,22/12/1994,
SFC,Daikaijū Monogatari,0.0,1995-04-16,Hudson,22/12/1994,
SFC,Daikaijū Monogatari,0.0,1995-04-23,Hudson,22/12/1994,
SFC,Daikaijū Monogatari,0.0,1995-04-30,Hudson,22/12/1994,
SFC,Daikaijū Monogatari,0.0,1995-05-07,Hudson,22/12/1994,
SFC,Daikaijū Monogatari,0.0,1995-05-14,Hudson,22/12/1994,
SFC,Daikaijū Monogatari,0.0,1995-05-21,Hudson,22/12/1994,
SFC,Daikaijū Monogatari,0.0,1995-05-28,Hudson,22/12/1994,
SFC,Daikaijū Monogatari,0.0,1995-06-04,Hudson,22/12/1994,
SFC,Daikaijū Monogatari,0.0,1995-06-11,Hudson,22/12/1994,
SFC,Daikaijū Monogatari,0.0,1995-06-18,Hudson,22/12/1994,
SFC,Daikaijū Monogatari,0.0,1995-06-25,Hudson,22/12/1994,
SFC,Daikaijū Monogatari,0.0,1995-07-02,Hudson,22/12/1994,
SFC,Daikaijū Monogatari,0.0,1995-07-09,Hudson,22/12/1994,
SFC,Daikaijū Monogatari,0.0,1995-07-16,Hudson,22/12/1994,
SFC,Daikaijū Monogatari,0.0,1995-07-23,Hudson,22/12/1994,
SFC,Daikaijū Monogatari,0.0,1995-07-30,Hudson,22/12/1994,
SFC,Daikaijū Monogatari,0.0,1995-08-06,Hudson,22/12/1994,
SFC,Daikaijū Monogatari,0.0,1995-08-13,Hudson,22/12/1994,
SFC,Daikaijū Monogatari,0.0,1995-08-20,Hudson,22/12/1994,
SFC,Daikaijū Monogatari,0.0,1995-08-27,Hudson,22/12/1994,
SFC,Daikaijū Monogatari,0.0,1995-09-03,Hudson,22/12/1994,
SFC,Daikaijū Monogatari,0.0,1995-09-10,Hudson,22/12/1994,
SFC,Daikaijū Monogatari,0.0,1995-09-17,Hudson,22/12/1994,
SFC,Daikaijū Monogatari,0.0,1995-09-24,Hudson,22/12/1994,
SFC,Daikaijū Monogatari,0.0,1995-10-01,Hudson,22/12/1994,
SFC,Daikaijū Monogatari,0.0,1995-10-08,Hudson,22/12/1994,
SFC,Daikaijū Monogatari,0.0,1995-10-15,Hudson,22/12/1994,
SFC,Daikaijū Monogatari,0.0,1995-10-22,Hudson,22/12/1994,
SFC,Daikaijū Monogatari,0.0,1995-10-29,Hudson,22/12/1994,
SFC,Daikaijū Monogatari,0.0,1995-11-05,Hudson,22/12/1994,
SFC,Daikaijū Monogatari,0.0,1995-11-12,Hudson,22/12/1994,
SFC,Daikaijū Monogatari,0.0,1995-11-19,Hudson,22/12/1994,
SFC,Daikaijū Monogatari,0.0,1995-11-26,Hudson,22/12/1994,
SFC,Daikaijū Monogatari,0.0,1995-12-03,Hudson,22/12/1994,
SFC,Daikaijū Monogatari,0.0,1995-12-10,Hudson,22/12/1994,
SFC,Daikaijū Monogatari,0.0,1995-12-17,Hudson,22/12/1994,
SFC,Daikaijū Monogatari,0.0,1995-12-24,Hudson,22/12/1994,
SFC,Daikaijū Monogatari,0.0,1995-12-31,Hudson,22/12/1994,
PS1,Ridge Racer,31.156,1995-01-08,Namco,03/12/1994,
PS1,Ridge Racer,38.595,1995-01-15,Namco,03/12/1994,
PS1,Ridge Racer,22.521,1995-01-22,Namco,03/12/1994,
PS1,Ridge Racer,32.748,1995-01-29,Namco,03/12/1994,
PS1,Ridge Racer,28.134,1995-02-05,Namco,03/12/1994,
PS1,Ridge Racer,24.145,1995-02-12,Namco,03/12/1994,
PS1,Ridge Racer,11.804,1995-02-19,Namco,03/12/1994,
PS1,Ridge Racer,19.429,1995-02-26,Namco,03/12/1994,
PS1,Ridge Racer,22.477,1995-03-05,Namco,03/12/1994,
PS1,Ridge Racer,14.512,1995-03-12,Namco,03/12/1994,
PS1,Ridge Racer,11.03,1995-03-19,Namco,03/12/1994,
PS1,Ridge Racer,21.225,1995-03-26,Namco,03/12/1994,
PS1,Ridge Racer,9.286,1995-04-02,Namco,03/12/1994,
PS1,Ridge Racer,11.895,1995-04-09,Namco,03/12/1994,
PS1,Ridge Racer,8.837,1995-04-16,Namco,03/12/1994,
PS1,Ridge Racer,7.504,1995-04-23,Namco,03/12/1994,
PS1,Ridge Racer,12.666,1995-04-30,Namco,03/12/1994,
PS1,Ridge Racer,12.666,1995-05-07,Namco,03/12/1994,
PS1,Ridge Racer,7.672,1995-05-14,Namco,03/12/1994,
PS1,Ridge Racer,6.256,1995-05-21,Namco,03/12/1994,
PS1,Ridge Racer,13.25,1995-05-28,Namco,03/12/1994,
PS1,Ridge Racer,12.399,1995-06-04,Namco,03/12/1994,
PS1,Ridge Racer,14.717,1995-06-11,Namco,03/12/1994,
PS1,Ridge Racer,8.428,1995-06-18,Namco,03/12/1994,
PS1,Ridge Racer,16.739,1995-06-25,Namco,03/12/1994,
PS1,Ridge Racer,19.152,1995-07-02,Namco,03/12/1994,
PS1,Ridge Racer,13.983,1995-07-09,Namco,03/12/1994,
PS1,Ridge Racer,12.899,1995-07-16,Namco,03/12/1994,
PS1,Ridge Racer,6.409,1995-07-23,Namco,03/12/1994,
PS1,Ridge Racer,3.694,1995-07-30,Namco,03/12/1994,
PS1,Ridge Racer,7.472,1995-08-06,Namco,03/12/1994,
PS1,Ridge Racer,0.0,1995-08-13,Namco,03/12/1994,
PS1,Ridge Racer,0.0,1995-08-20,Namco,03/12/1994,
PS1,Ridge Racer,0.0,1995-08-27,Namco,03/12/1994,
PS1,Ridge Racer,0.0,1995-09-03,Namco,03/12/1994,
PS1,Ridge Racer,5.314,1995-09-10,Namco,03/12/1994,
PS1,Ridge Racer,0.0,1995-09-17,Namco,03/12/1994,
PS1,Ridge Racer,0.0,1995-09-24,Namco,03/12/1994,
PS1,Ridge Racer,0.0,1995-10-01,Namco,03/12/1994,
PS1,Ridge Racer,0.0,1995-10-08,Namco,03/12/1994,
PS1,Ridge Racer,0.0,1995-10-15,Namco,03/12/1994,
PS1,Ridge Racer,0.0,1995-10-22,Namco,03/12/1994,
PS1,Ridge Racer,0.0,1995-10-29,Namco,03/12/1994,
PS1,Ridge Racer,0.0,1995-11-05,Namco,03/12/1994,
PS1,Ridge Racer,0.0,1995-11-12,Namco,03/12/1994,
PS1,Ridge Racer,0.0,1995-11-19,Namco,03/12/1994,
PS1,Ridge Racer,0.0,1995-11-26,Namco,03/12/1994,
PS1,Ridge Racer,0.0,1995-12-03,Namco,03/12/1994,
PS1,Ridge Racer,0.0,1995-12-10,Namco,03/12/1994,
PS1,Ridge Racer,0.0,1995-12-17,Namco,03/12/1994,
PS1,Ridge Racer,0.0,1995-12-24,Namco,03/12/1994,
PS1,Ridge Racer,0.0,1995-12-31,Namco,03/12/1994,
SFC,Super Puyo Puyo,30.832,1995-01-08,Banpresto,10/12/1993,
SFC,Super Puyo Puyo,19.597,1995-01-15,Banpresto,10/12/1993,
SFC,Super Puyo Puyo,15.487,1995-01-22,Banpresto,10/12/1993,
SFC,Super Puyo Puyo,15.644,1995-01-29,Banpresto,10/12/1993,
SFC,Super Puyo Puyo,19.203,1995-02-05,Banpresto,10/12/1993,
SFC,Super Puyo Puyo,17.502,1995-02-12,Banpresto,10/12/1993,
SFC,Super Puyo Puyo,15.042,1995-02-19,Banpresto,10/12/1993,
SFC,Super Puyo Puyo,10.162,1995-02-26,Banpresto,10/12/1993,
SFC,Super Puyo Puyo,8.924,1995-03-05,Banpresto,10/12/1993,
SFC,Super Puyo Puyo,6.409,1995-03-12,Banpresto,10/12/1993,
SFC,Super Puyo Puyo,4.796,1995-03-19,Banpresto,10/12/1993,
SFC,Super Puyo Puyo,5.114,1995-03-26,Banpresto,10/12/1993,
SFC,Super Puyo Puyo,4.701,1995-04-02,Banpresto,10/12/1993,
SFC,Super Puyo Puyo,3.551,1995-04-09,Banpresto,10/12/1993,
SFC,Super Puyo Puyo,0.0,1995-04-16,Banpresto,10/12/1993,
SFC,Super Puyo Puyo,0.0,1995-04-23,Banpresto,10/12/1993,
SFC,Super Puyo Puyo,5.658,1995-04-30,Banpresto,10/12/1993,
SFC,Super Puyo Puyo,5.661,1995-05-07,Banpresto,10/12/1993,
SFC,Super Puyo Puyo,5.428,1995-05-14,Banpresto,10/12/1993,
SFC,Super Puyo Puyo,0.0,1995-05-21,Banpresto,10/12/1993,
SFC,Super Puyo Puyo,0.0,1995-05-28,Banpresto,10/12/1993,
SFC,Super Puyo Puyo,0.0,1995-06-04,Banpresto,10/12/1993,
SFC,Super Puyo Puyo,0.0,1995-06-11,Banpresto,10/12/1993,
SFC,Super Puyo Puyo,0.0,1995-06-18,Banpresto,10/12/1993,
SFC,Super Puyo Puyo,0.0,1995-06-25,Banpresto,10/12/1993,
SFC,Super Puyo Puyo,0.0,1995-07-02,Banpresto,10/12/1993,
SFC,Super Puyo Puyo,0.0,1995-07-09,Banpresto,10/12/1993,
SFC,Super Puyo Puyo,0.0,1995-07-16,Banpresto,10/12/1993,
SFC,Super Puyo Puyo,0.0,1995-07-23,Banpresto,10/12/1993,
SFC,Super Puyo Puyo,0.0,1995-07-30,Banpresto,10/12/1993,
SFC,Super Puyo Puyo,0.0,1995-08-06,Banpresto,10/12/1993,
SFC,Super Puyo Puyo,0.0,1995-08-13,Banpresto,10/12/1993,
SFC,Super Puyo Puyo,0.0,1995-08-20,Banpresto,10/12/1993,
SFC,Super Puyo Puyo,0.0,1995-08-27,Banpresto,10/12/1993,
SFC,Super Puyo Puyo,0.0,1995-09-03,Banpresto,10/12/1993,
SFC,Super Puyo Puyo,0.0,1995-09-10,Banpresto,10/12/1993,
SFC,Super Puyo Puyo,0.0,1995-09-17,Banpresto,10/12/1993,
SFC,Super Puyo Puyo,0.0,1995-09-24,Banpresto,10/12/1993,
SFC,Super Puyo Puyo,0.0,1995-10-01,Banpresto,10/12/1993,
SFC,Super Puyo Puyo,0.0,1995-10-08,Banpresto,10/12/1993,
SFC,Super Puyo Puyo,0.0,1995-10-15,Banpresto,10/12/1993,
SFC,Super Puyo Puyo,0.0,1995-10-22,Banpresto,10/12/1993,
SFC,Super Puyo Puyo,0.0,1995-10-29,Banpresto,10/12/1993,
SFC,Super Puyo Puyo,0.0,1995-11-05,Banpresto,10/12/1993,
SFC,Super Puyo Puyo,0.0,1995-11-12,Banpresto,10/12/1993,
SFC,Super Puyo Puyo,0.0,1995-11-19,Banpresto,10/12/1993,
SFC,Super Puyo Puyo,0.0,1995-11-26,Banpresto,10/12/1993,
SFC,Super Puyo Puyo,0.0,1995-12-03,Banpresto,10/12/1993,
SFC,Super Puyo Puyo,0.0,1995-12-10,Banpresto,10/12/1993,
SFC,Super Puyo Puyo,0.0,1995-12-17,Banpresto,10/12/1993,
SFC,Super Puyo Puyo,0.0,1995-12-24,Banpresto,10/12/1993,
SFC,Super Puyo Puyo,0.0,1995-12-31,Banpresto,10/12/1993,
SFC,Wonder Project J: Kikai no Shōnen Pīno,30.324,1995-01-08,Enix,09/12/1994,
SFC,Wonder Project J: Kikai no Shōnen Pīno,10.016,1995-01-15,Enix,09/12/1994,
SFC,Wonder Project J: Kikai no Shōnen Pīno,7.172,1995-01-22,Enix,09/12/1994,
SFC,Wonder Project J: Kikai no Shōnen Pīno,4.384,1995-01-29,Enix,09/12/1994,
SFC,Wonder Project J: Kikai no Shōnen Pīno,5.917,1995-02-05,Enix,09/12/1994,
SFC,Wonder Project J: Kikai no Shōnen Pīno,4.913,1995-02-12,Enix,09/12/1994,
SFC,Wonder Project J: Kikai no Shōnen Pīno,3.183,1995-02-19,Enix,09/12/1994,
SFC,Wonder Project J: Kikai no Shōnen Pīno,0.0,1995-02-26,Enix,09/12/1994,
SFC,Wonder Project J: Kikai no Shōnen Pīno,0.0,1995-03-05,Enix,09/12/1994,
SFC,Wonder Project J: Kikai no Shōnen Pīno,0.0,1995-03-12,Enix,09/12/1994,
SFC,Wonder Project J: Kikai no Shōnen Pīno,0.0,1995-03-19,Enix,09/12/1994,
SFC,Wonder Project J: Kikai no Shōnen Pīno,0.0,1995-03-26,Enix,09/12/1994,
SFC,Wonder Project J: Kikai no Shōnen Pīno,0.0,1995-04-02,Enix,09/12/1994,
SFC,Wonder Project J: Kikai no Shōnen Pīno,0.0,1995-04-09,Enix,09/12/1994,
SFC,Wonder Project J: Kikai no Shōnen Pīno,0.0,1995-04-16,Enix,09/12/1994,
SFC,Wonder Project J: Kikai no Shōnen Pīno,0.0,1995-04-23,Enix,09/12/1994,
SFC,Wonder Project J: Kikai no Shōnen Pīno,0.0,1995-04-30,Enix,09/12/1994,
SFC,Wonder Project J: Kikai no Shōnen Pīno,0.0,1995-05-07,Enix,09/12/1994,
SFC,Wonder Project J: Kikai no Shōnen Pīno,0.0,1995-05-14,Enix,09/12/1994,
SFC,Wonder Project J: Kikai no Shōnen Pīno,0.0,1995-05-21,Enix,09/12/1994,
SFC,Wonder Project J: Kikai no Shōnen Pīno,0.0,1995-05-28,Enix,09/12/1994,
SFC,Wonder Project J: Kikai no Shōnen Pīno,2.756,1995-06-04,Enix,09/12/1994,
SFC,Wonder Project J: Kikai no Shōnen Pīno,2.621,1995-06-11,Enix,09/12/1994,
SFC,Wonder Project J: Kikai no Shōnen Pīno,2.814,1995-06-18,Enix,09/12/1994,
SFC,Wonder Project J: Kikai no Shōnen Pīno,0.0,1995-06-25,Enix,09/12/1994,
SFC,Wonder Project J: Kikai no Shōnen Pīno,0.0,1995-07-02,Enix,09/12/1994,
SFC,Wonder Project J: Kikai no Shōnen Pīno,0.0,1995-07-09,Enix,09/12/1994,
SFC,Wonder Project J: Kikai no Shōnen Pīno,0.0,1995-07-16,Enix,09/12/1994,
SFC,Wonder Project J: Kikai no Shōnen Pīno,0.0,1995-07-23,Enix,09/12/1994,
SFC,Wonder Project J: Kikai no Shōnen Pīno,0.0,1995-07-30,Enix,09/12/1994,
SFC,Wonder Project J: Kikai no Shōnen Pīno,0.0,1995-08-06,Enix,09/12/1994,
SFC,Wonder Project J: Kikai no Shōnen Pīno,0.0,1995-08-13,Enix,09/12/1994,
SFC,Wonder Project J: Kikai no Shōnen Pīno,0.0,1995-08-20,Enix,09/12/1994,
SFC,Wonder Project J: Kikai no Shōnen Pīno,0.0,1995-08-27,Enix,09/12/1994,
SFC,Wonder Project J: Kikai no Shōnen Pīno,0.0,1995-09-03,Enix,09/12/1994,
SFC,Wonder Project J: Kikai no Shōnen Pīno,0.0,1995-09-10,Enix,09/12/1994,
SFC,Wonder Project J: Kikai no Shōnen Pīno,0.0,1995-09-17,Enix,09/12/1994,
SFC,Wonder Project J: Kikai no Shōnen Pīno,0.0,1995-09-24,Enix,09/12/1994,
SFC,Wonder Project J: Kikai no Shōnen Pīno,0.0,1995-10-01,Enix,09/12/1994,
SFC,Wonder Project J: Kikai no Shōnen Pīno,0.0,1995-10-08,Enix,09/12/1994,
SFC,Wonder Project J: Kikai no Shōnen Pīno,0.0,1995-10-15,Enix,09/12/1994,
SFC,Wonder Project J: Kikai no Shōnen Pīno,0.0,1995-10-22,Enix,09/12/1994,
SFC,Wonder Project J: Kikai no Shōnen Pīno,0.0,1995-10-29,Enix,09/12/1994,
SFC,Wonder Project J: Kikai no Shōnen Pīno,0.0,1995-11-05,Enix,09/12/1994,
SFC,Wonder Project J: Kikai no Shōnen Pīno,0.0,1995-11-12,Enix,09/12/1994,
SFC,Wonder Project J: Kikai no Shōnen Pīno,0.0,1995-11-19,Enix,09/12/1994,
SFC,Wonder Project J: Kikai no Shōnen Pīno,0.0,1995-11-26,Enix,09/12/1994,
SFC,Wonder Project J: Kikai no Shōnen Pīno,0.0,1995-12-03,Enix,09/12/1994,
SFC,Wonder Project J: Kikai no Shōnen Pīno,0.0,1995-12-10,Enix,09/12/1994,
SFC,Wonder Project J: Kikai no Shōnen Pīno,0.0,1995-12-17,Enix,09/12/1994,
SFC,Wonder Project J: Kikai no Shōnen Pīno,0.0,1995-12-24,Enix,09/12/1994,
SFC,Wonder Project J: Kikai no Shōnen Pīno,0.0,1995-12-31,Enix,09/12/1994,
PS1,A. IV Evolution: A-Ressha de Ikou 4,29.627,1995-01-08,Artdink,03/12/1994,
PS1,A. IV Evolution: A-Ressha de Ikou 4,8.004,1995-01-15,Artdink,03/12/1994,
PS1,A. IV Evolution: A-Ressha de Ikou 4,11.753,1995-01-22,Artdink,03/12/1994,
PS1,A. IV Evolution: A-Ressha de Ikou 4,8.004,1995-01-29,Artdink,03/12/1994,
PS1,A. IV Evolution: A-Ressha de Ikou 4,6.961,1995-02-05,Artdink,03/12/1994,
PS1,A. IV Evolution: A-Ressha de Ikou 4,0.0,1995-02-12,Artdink,03/12/1994,
PS1,A. IV Evolution: A-Ressha de Ikou 4,0.0,1995-02-19,Artdink,03/12/1994,
PS1,A. IV Evolution: A-Ressha de Ikou 4,0.0,1995-02-26,Artdink,03/12/1994,
PS1,A. IV Evolution: A-Ressha de Ikou 4,4.639,1995-03-05,Artdink,03/12/1994,
PS1,A. IV Evolution: A-Ressha de Ikou 4,0.0,1995-03-12,Artdink,03/12/1994,
PS1,A. IV Evolution: A-Ressha de Ikou 4,5.125,1995-03-19,Artdink,03/12/1994,
PS1,A. IV Evolution: A-Ressha de Ikou 4,0.0,1995-03-26,Artdink,03/12/1994,
PS1,A. IV Evolution: A-Ressha de Ikou 4,0.0,1995-04-02,Artdink,03/12/1994,
PS1,A. IV Evolution: A-Ressha de Ikou 4,0.0,1995-04-09,Artdink,03/12/1994,
PS1,A. IV Evolution: A-Ressha de Ikou 4,0.0,1995-04-16,Artdink,03/12/1994,
PS1,A. IV Evolution: A-Ressha de Ikou 4,0.0,1995-04-23,Artdink,03/12/1994,
PS1,A. IV Evolution: A-Ressha de Ikou 4,0.0,1995-04-30,Artdink,03/12/1994,
PS1,A. IV Evolution: A-Ressha de Ikou 4,0.0,1995-05-07,Artdink,03/12/1994,
PS1,A. IV Evolution: A-Ressha de Ikou 4,0.0,1995-05-14,Artdink,03/12/1994,
PS1,A. IV Evolution: A-Ressha de Ikou 4,0.0,1995-05-21,Artdink,03/12/1994,
PS1,A. IV Evolution: A-Ressha de Ikou 4,0.0,1995-05-28,Artdink,03/12/1994,
PS1,A. IV Evolution: A-Ressha de Ikou 4,0.0,1995-06-04,Artdink,03/12/1994,
PS1,A. IV Evolution: A-Ressha de Ikou 4,0.0,1995-06-11,Artdink,03/12/1994,
PS1,A. IV Evolution: A-Ressha de Ikou 4,0.0,1995-06-18,Artdink,03/12/1994,
PS1,A. IV Evolution: A-Ressha de Ikou 4,0.0,1995-06-25,Artdink,03/12/1994,
PS1,A. IV Evolution: A-Ressha de Ikou 4,0.0,1995-07-02,Artdink,03/12/1994,
PS1,A. IV Evolution: A-Ressha de Ikou 4,0.0,1995-07-09,Artdink,03/12/1994,
PS1,A. IV Evolution: A-Ressha de Ikou 4,0.0,1995-07-16,Artdink,03/12/1994,
PS1,A. IV Evolution: A-Ressha de Ikou 4,0.0,1995-07-23,Artdink,03/12/1994,
PS1,A. IV Evolution: A-Ressha de Ikou 4,0.0,1995-07-30,Artdink,03/12/1994,
PS1,A. IV Evolution: A-Ressha de Ikou 4,0.0,1995-08-06,Artdink,03/12/1994,
PS1,A. IV Evolution: A-Ressha de Ikou 4,0.0,1995-08-13,Artdink,03/12/1994,
PS1,A. IV Evolution: A-Ressha de Ikou 4,0.0,1995-08-20,Artdink,03/12/1994,
PS1,A. IV Evolution: A-Ressha de Ikou 4,0.0,1995-08-27,Artdink,03/12/1994,
PS1,A. IV Evolution: A-Ressha de Ikou 4,0.0,1995-09-03,Artdink,03/12/1994,
PS1,A. IV Evolution: A-Ressha de Ikou 4,0.0,1995-09-10,Artdink,03/12/1994,
PS1,A. IV Evolution: A-Ressha de Ikou 4,0.0,1995-09-17,Artdink,03/12/1994,
PS1,A. IV Evolution: A-Ressha de Ikou 4,0.0,1995-09-24,Artdink,03/12/1994,
PS1,A. IV Evolution: A-Ressha de Ikou 4,0.0,1995-10-01,Artdink,03/12/1994,
PS1,A. IV Evolution: A-Ressha de Ikou 4,0.0,1995-10-08,Artdink,03/12/1994,
PS1,A. IV Evolution: A-Ressha de Ikou 4,0.0,1995-10-15,Artdink,03/12/1994,
PS1,A. IV Evolution: A-Ressha de Ikou 4,0.0,1995-10-22,Artdink,03/12/1994,
PS1,A. IV Evolution: A-Ressha de Ikou 4,0.0,1995-10-29,Artdink,03/12/1994,
PS1,A. IV Evolution: A-Ressha de Ikou 4,0.0,1995-11-05,Artdink,03/12/1994,
PS1,A. IV Evolution: A-Ressha de Ikou 4,0.0,1995-11-12,Artdink,03/12/1994,
PS1,A. IV Evolution: A-Ressha de Ikou 4,0.0,1995-11-19,Artdink,03/12/1994,
PS1,A. IV Evolution: A-Ressha de Ikou 4,0.0,1995-11-26,Artdink,03/12/1994,
PS1,A. IV Evolution: A-Ressha de Ikou 4,0.0,1995-12-03,Artdink,03/12/1994,
PS1,A. IV Evolution: A-Ressha de Ikou 4,0.0,1995-12-10,Artdink,03/12/1994,
PS1,A. IV Evolution: A-Ressha de Ikou 4,0.0,1995-12-17,Artdink,03/12/1994,
PS1,A. IV Evolution: A-Ressha de Ikou 4,0.0,1995-12-24,Artdink,03/12/1994,
PS1,A. IV Evolution: A-Ressha de Ikou 4,0.0,1995-12-31,Artdink,03/12/1994,
PS1,Jikkyō Powerful Pro Yakyū '95,26.138,1995-01-08,Konami,22/12/1994,
PS1,Jikkyō Powerful Pro Yakyū '95,4.325,1995-01-15,Konami,22/12/1994,
PS1,Jikkyō Powerful Pro Yakyū '95,0.0,1995-01-22,Konami,22/12/1994,
PS1,Jikkyō Powerful Pro Yakyū '95,0.0,1995-01-29,Konami,22/12/1994,
PS1,Jikkyō Powerful Pro Yakyū '95,0.0,1995-02-05,Konami,22/12/1994,
PS1,Jikkyō Powerful Pro Yakyū '95,4.15,1995-02-12,Konami,22/12/1994,
PS1,Jikkyō Powerful Pro Yakyū '95,0.0,1995-02-19,Konami,22/12/1994,
PS1,Jikkyō Powerful Pro Yakyū '95,0.0,1995-02-26,Konami,22/12/1994,
PS1,Jikkyō Powerful Pro Yakyū '95,0.0,1995-03-05,Konami,22/12/1994,
PS1,Jikkyō Powerful Pro Yakyū '95,0.0,1995-03-12,Konami,22/12/1994,
PS1,Jikkyō Powerful Pro Yakyū '95,0.0,1995-03-19,Konami,22/12/1994,
PS1,Jikkyō Powerful Pro Yakyū '95,0.0,1995-03-26,Konami,22/12/1994,
PS1,Jikkyō Powerful Pro Yakyū '95,0.0,1995-04-02,Konami,22/12/1994,
PS1,Jikkyō Powerful Pro Yakyū '95,0.0,1995-04-09,Konami,22/12/1994,
PS1,Jikkyō Powerful Pro Yakyū '95,0.0,1995-04-16,Konami,22/12/1994,
PS1,Jikkyō Powerful Pro Yakyū '95,0.0,1995-04-23,Konami,22/12/1994,
PS1,Jikkyō Powerful Pro Yakyū '95,0.0,1995-04-30,Konami,22/12/1994,
PS1,Jikkyō Powerful Pro Yakyū '95,0.0,1995-05-07,Konami,22/12/1994,
PS1,Jikkyō Powerful Pro Yakyū '95,0.0,1995-05-14,Konami,22/12/1994,
PS1,Jikkyō Powerful Pro Yakyū '95,0.0,1995-05-21,Konami,22/12/1994,
PS1,Jikkyō Powerful Pro Yakyū '95,0.0,1995-05-28,Konami,22/12/1994,
PS1,Jikkyō Powerful Pro Yakyū '95,0.0,1995-06-04,Konami,22/12/1994,
PS1,Jikkyō Powerful Pro Yakyū '95,0.0,1995-06-11,Konami,22/12/1994,
PS1,Jikkyō Powerful Pro Yakyū '95,0.0,1995-06-18,Konami,22/12/1994,
PS1,Jikkyō Powerful Pro Yakyū '95,0.0,1995-06-25,Konami,22/12/1994,
PS1,Jikkyō Powerful Pro Yakyū '95,0.0,1995-07-02,Konami,22/12/1994,
PS1,Jikkyō Powerful Pro Yakyū '95,0.0,1995-07-09,Konami,22/12/1994,
PS1,Jikkyō Powerful Pro Yakyū '95,0.0,1995-07-16,Konami,22/12/1994,
PS1,Jikkyō Powerful Pro Yakyū '95,0.0,1995-07-23,Konami,22/12/1994,
PS1,Jikkyō Powerful Pro Yakyū '95,0.0,1995-07-30,Konami,22/12/1994,
PS1,Jikkyō Powerful Pro Yakyū '95,0.0,1995-08-06,Konami,22/12/1994,
PS1,Jikkyō Powerful Pro Yakyū '95,0.0,1995-08-13,Konami,22/12/1994,
PS1,Jikkyō Powerful Pro Yakyū '95,0.0,1995-08-20,Konami,22/12/1994,
PS1,Jikkyō Powerful Pro Yakyū '95,0.0,1995-08-27,Konami,22/12/1994,
PS1,Jikkyō Powerful Pro Yakyū '95,0.0,1995-09-03,Konami,22/12/1994,
PS1,Jikkyō Powerful Pro Yakyū '95,0.0,1995-09-10,Konami,22/12/1994,
PS1,Jikkyō Powerful Pro Yakyū '95,0.0,1995-09-17,Konami,22/12/1994,
PS1,Jikkyō Powerful Pro Yakyū '95,0.0,1995-09-24,Konami,22/12/1994,
PS1,Jikkyō Powerful Pro Yakyū '95,0.0,1995-10-01,Konami,22/12/1994,
PS1,Jikkyō Powerful Pro Yakyū '95,0.0,1995-10-08,Konami,22/12/1994,
PS1,Jikkyō Powerful Pro Yakyū '95,0.0,1995-10-15,Konami,22/12/1994,
PS1,Jikkyō Powerful Pro Yakyū '95,0.0,1995-10-22,Konami,22/12/1994,
PS1,Jikkyō Powerful Pro Yakyū '95,0.0,1995-10-29,Konami,22/12/1994,
PS1,Jikkyō Powerful Pro Yakyū '95,0.0,1995-11-05,Konami,22/12/1994,
PS1,Jikkyō Powerful Pro Yakyū '95,0.0,1995-11-12,Konami,22/12/1994,
PS1,Jikkyō Powerful Pro Yakyū '95,0.0,1995-11-19,Konami,22/12/1994,
PS1,Jikkyō Powerful Pro Yakyū '95,0.0,1995-11-26,Konami,22/12/1994,
PS1,Jikkyō Powerful Pro Yakyū '95,0.0,1995-12-03,Konami,22/12/1994,
PS1,Jikkyō Powerful Pro Yakyū '95,0.0,1995-12-10,Konami,22/12/1994,
PS1,Jikkyō Powerful Pro Yakyū '95,0.0,1995-12-17,Konami,22/12/1994,
PS1,Jikkyō Powerful Pro Yakyū '95,0.0,1995-12-24,Konami,22/12/1994,
PS1,Jikkyō Powerful Pro Yakyū '95,0.0,1995-12-31,Konami,22/12/1994,
PS1,Motor Toon Grand Prix,19.163,1995-01-08,SCE,16/12/1994,
PS1,Motor Toon Grand Prix,0.0,1995-01-15,SCE,16/12/1994,
PS1,Motor Toon Grand Prix,10.957,1995-01-22,SCE,16/12/1994,
PS1,Motor Toon Grand Prix,0.0,1995-01-29,SCE,16/12/1994,
PS1,Motor Toon Grand Prix,0.0,1995-02-05,SCE,16/12/1994,
PS1,Motor Toon Grand Prix,0.0,1995-02-12,SCE,16/12/1994,
PS1,Motor Toon Grand Prix,0.0,1995-02-19,SCE,16/12/1994,
PS1,Motor Toon Grand Prix,0.0,1995-02-26,SCE,16/12/1994,
PS1,Motor Toon Grand Prix,0.0,1995-03-05,SCE,16/12/1994,
PS1,Motor Toon Grand Prix,0.0,1995-03-12,SCE,16/12/1994,
PS1,Motor Toon Grand Prix,0.0,1995-03-19,SCE,16/12/1994,
PS1,Motor Toon Grand Prix,0.0,1995-03-26,SCE,16/12/1994,
PS1,Motor Toon Grand Prix,0.0,1995-04-02,SCE,16/12/1994,
PS1,Motor Toon Grand Prix,0.0,1995-04-09,SCE,16/12/1994,
PS1,Motor Toon Grand Prix,0.0,1995-04-16,SCE,16/12/1994,
PS1,Motor Toon Grand Prix,0.0,1995-04-23,SCE,16/12/1994,
PS1,Motor Toon Grand Prix,0.0,1995-04-30,SCE,16/12/1994,
PS1,Motor Toon Grand Prix,0.0,1995-05-07,SCE,16/12/1994,
PS1,Motor Toon Grand Prix,0.0,1995-05-14,SCE,16/12/1994,
PS1,Motor Toon Grand Prix,0.0,1995-05-21,SCE,16/12/1994,
PS1,Motor Toon Grand Prix,0.0,1995-05-28,SCE,16/12/1994,
PS1,Motor Toon Grand Prix,0.0,1995-06-04,SCE,16/12/1994,
PS1,Motor Toon Grand Prix,0.0,1995-06-11,SCE,16/12/1994,
PS1,Motor Toon Grand Prix,0.0,1995-06-18,SCE,16/12/1994,
PS1,Motor Toon Grand Prix,0.0,1995-06-25,SCE,16/12/1994,
PS1,Motor Toon Grand Prix,0.0,1995-07-02,SCE,16/12/1994,
PS1,Motor Toon Grand Prix,0.0,1995-07-09,SCE,16/12/1994,
PS1,Motor Toon Grand Prix,0.0,1995-07-16,SCE,16/12/1994,
PS1,Motor Toon Grand Prix,0.0,1995-07-23,SCE,16/12/1994,
PS1,Motor Toon Grand Prix,0.0,1995-07-30,SCE,16/12/1994,
PS1,Motor Toon Grand Prix,0.0,1995-08-06,SCE,16/12/1994,
PS1,Motor Toon Grand Prix,0.0,1995-08-13,SCE,16/12/1994,
PS1,Motor Toon Grand Prix,0.0,1995-08-20,SCE,16/12/1994,
PS1,Motor Toon Grand Prix,0.0,1995-08-27,SCE,16/12/1994,
PS1,Motor Toon Grand Prix,0.0,1995-09-03,SCE,16/12/1994,
PS1,Motor Toon Grand Prix,0.0,1995-09-10,SCE,16/12/1994,
PS1,Motor Toon Grand Prix,0.0,1995-09-17,SCE,16/12/1994,
PS1,Motor Toon Grand Prix,0.0,1995-09-24,SCE,16/12/1994,
PS1,Motor Toon Grand Prix,0.0,1995-10-01,SCE,16/12/1994,
PS1,Motor Toon Grand Prix,0.0,1995-10-08,SCE,16/12/1994,
PS1,Motor Toon Grand Prix,0.0,1995-10-15,SCE,16/12/1994,
PS1,Motor Toon Grand Prix,0.0,1995-10-22,SCE,16/12/1994,
PS1,Motor Toon Grand Prix,0.0,1995-10-29,SCE,16/12/1994,
PS1,Motor Toon Grand Prix,0.0,1995-11-05,SCE,16/12/1994,
PS1,Motor Toon Grand Prix,0.0,1995-11-12,SCE,16/12/1994,
PS1,Motor Toon Grand Prix,0.0,1995-11-19,SCE,16/12/1994,
PS1,Motor Toon Grand Prix,0.0,1995-11-26,SCE,16/12/1994,
PS1,Motor Toon Grand Prix,0.0,1995-12-03,SCE,16/12/1994,
PS1,Motor Toon Grand Prix,0.0,1995-12-10,SCE,16/12/1994,
PS1,Motor Toon Grand Prix,0.0,1995-12-17,SCE,16/12/1994,
PS1,Motor Toon Grand Prix,0.0,1995-12-24,SCE,16/12/1994,
PS1,Motor Toon Grand Prix,0.0,1995-12-31,SCE,16/12/1994,
PS1,Crime Crackers,18.334,1995-01-08,SCE,03/12/1994,
PS1,Crime Crackers,5.216,1995-01-15,SCE,03/12/1994,
PS1,Crime Crackers,4.318,1995-01-22,SCE,03/12/1994,
PS1,Crime Crackers,0.0,1995-01-29,SCE,03/12/1994,
PS1,Crime Crackers,0.0,1995-02-05,SCE,03/12/1994,
PS1,Crime Crackers,0.0,1995-02-12,SCE,03/12/1994,
PS1,Crime Crackers,0.0,1995-02-19,SCE,03/12/1994,
PS1,Crime Crackers,0.0,1995-02-26,SCE,03/12/1994,
PS1,Crime Crackers,0.0,1995-03-05,SCE,03/12/1994,
PS1,Crime Crackers,0.0,1995-03-12,SCE,03/12/1994,
PS1,Crime Crackers,0.0,1995-03-19,SCE,03/12/1994,
PS1,Crime Crackers,0.0,1995-03-26,SCE,03/12/1994,
PS1,Crime Crackers,0.0,1995-04-02,SCE,03/12/1994,
PS1,Crime Crackers,0.0,1995-04-09,SCE,03/12/1994,
PS1,Crime Crackers,0.0,1995-04-16,SCE,03/12/1994,
PS1,Crime Crackers,0.0,1995-04-23,SCE,03/12/1994,
PS1,Crime Crackers,0.0,1995-04-30,SCE,03/12/1994,
PS1,Crime Crackers,0.0,1995-05-07,SCE,03/12/1994,
PS1,Crime Crackers,0.0,1995-05-14,SCE,03/12/1994,
PS1,Crime Crackers,0.0,1995-05-21,SCE,03/12/1994,
PS1,Crime Crackers,0.0,1995-05-28,SCE,03/12/1994,
PS1,Crime Crackers,0.0,1995-06-04,SCE,03/12/1994,
PS1,Crime Crackers,0.0,1995-06-11,SCE,03/12/1994,
PS1,Crime Crackers,0.0,1995-06-18,SCE,03/12/1994,
PS1,Crime Crackers,0.0,1995-06-25,SCE,03/12/1994,
PS1,Crime Crackers,0.0,1995-07-02,SCE,03/12/1994,
PS1,Crime Crackers,0.0,1995-07-09,SCE,03/12/1994,
PS1,Crime Crackers,0.0,1995-07-16,SCE,03/12/1994,
PS1,Crime Crackers,0.0,1995-07-23,SCE,03/12/1994,
PS1,Crime Crackers,0.0,1995-07-30,SCE,03/12/1994,
PS1,Crime Crackers,0.0,1995-08-06,SCE,03/12/1994,
PS1,Crime Crackers,0.0,1995-08-13,SCE,03/12/1994,
PS1,Crime Crackers,0.0,1995-08-20,SCE,03/12/1994,
PS1,Crime Crackers,0.0,1995-08-27,SCE,03/12/1994,
PS1,Crime Crackers,0.0,1995-09-03,SCE,03/12/1994,
PS1,Crime Crackers,0.0,1995-09-10,SCE,03/12/1994,
PS1,Crime Crackers,0.0,1995-09-17,SCE,03/12/1994,
PS1,Crime Crackers,0.0,1995-09-24,SCE,03/12/1994,
PS1,Crime Crackers,0.0,1995-10-01,SCE,03/12/1994,
PS1,Crime Crackers,0.0,1995-10-08,SCE,03/12/1994,
PS1,Crime Crackers,0.0,1995-10-15,SCE,03/12/1994,
PS1,Crime Crackers,0.0,1995-10-22,SCE,03/12/1994,
PS1,Crime Crackers,0.0,1995-10-29,SCE,03/12/1994,
PS1,Crime Crackers,0.0,1995-11-05,SCE,03/12/1994,
PS1,Crime Crackers,0.0,1995-11-12,SCE,03/12/1994,
PS1,Crime Crackers,0.0,1995-11-19,SCE,03/12/1994,
PS1,Crime Crackers,0.0,1995-11-26,SCE,03/12/1994,
PS1,Crime Crackers,0.0,1995-12-03,SCE,03/12/1994,
PS1,Crime Crackers,0.0,1995-12-10,SCE,03/12/1994,
PS1,Crime Crackers,0.0,1995-12-17,SCE,03/12/1994,
PS1,Crime Crackers,0.0,1995-12-24,SCE,03/12/1994,
PS1,Crime Crackers,0.0,1995-12-31,SCE,03/12/1994,
PS1,King's Field,15.943,1995-01-08,From Software,16/12/1994,
PS1,King's Field,11.56,1995-01-15,From Software,16/12/1994,
PS1,King's Field,17.363,1995-01-22,From Software,16/12/1994,
PS1,King's Field,0.0,1995-01-29,From Software,16/12/1994,
PS1,King's Field,0.0,1995-02-05,From Software,16/12/1994,
PS1,King's Field,0.0,1995-02-12,From Software,16/12/1994,
PS1,King's Field,0.0,1995-02-19,From Software,16/12/1994,
PS1,King's Field,0.0,1995-02-26,From Software,16/12/1994,
PS1,King's Field,0.0,1995-03-05,From Software,16/12/1994,
PS1,King's Field,0.0,1995-03-12,From Software,16/12/1994,
PS1,King's Field,0.0,1995-03-19,From Software,16/12/1994,
PS1,King's Field,0.0,1995-03-26,From Software,16/12/1994,
PS1,King's Field,0.0,1995-04-02,From Software,16/12/1994,
PS1,King's Field,0.0,1995-04-09,From Software,16/12/1994,
PS1,King's Field,0.0,1995-04-16,From Software,16/12/1994,
PS1,King's Field,0.0,1995-04-23,From Software,16/12/1994,
PS1,King's Field,0.0,1995-04-30,From Software,16/12/1994,
PS1,King's Field,0.0,1995-05-07,From Software,16/12/1994,
PS1,King's Field,0.0,1995-05-14,From Software,16/12/1994,
PS1,King's Field,0.0,1995-05-21,From Software,16/12/1994,
PS1,King's Field,0.0,1995-05-28,From Software,16/12/1994,
PS1,King's Field,0.0,1995-06-04,From Software,16/12/1994,
PS1,King's Field,0.0,1995-06-11,From Software,16/12/1994,
PS1,King's Field,0.0,1995-06-18,From Software,16/12/1994,
PS1,King's Field,0.0,1995-06-25,From Software,16/12/1994,
PS1,King's Field,0.0,1995-07-02,From Software,16/12/1994,
PS1,King's Field,0.0,1995-07-09,From Software,16/12/1994,
PS1,King's Field,0.0,1995-07-16,From Software,16/12/1994,
PS1,King's Field,0.0,1995-07-23,From Software,16/12/1994,
PS1,King's Field,0.0,1995-07-30,From Software,16/12/1994,
PS1,King's Field,0.0,1995-08-06,From Software,16/12/1994,
PS1,King's Field,0.0,1995-08-13,From Software,16/12/1994,
PS1,King's Field,0.0,1995-08-20,From Software,16/12/1994,
PS1,King's Field,0.0,1995-08-27,From Software,16/12/1994,
PS1,King's Field,0.0,1995-09-03,From Software,16/12/1994,
PS1,King's Field,0.0,1995-09-10,From Software,16/12/1994,
PS1,King's Field,0.0,1995-09-17,From Software,16/12/1994,
PS1,King's Field,0.0,1995-09-24,From Software,16/12/1994,
PS1,King's Field,0.0,1995-10-01,From Software,16/12/1994,
PS1,King's Field,0.0,1995-10-08,From Software,16/12/1994,
PS1,King's Field,0.0,1995-10-15,From Software,16/12/1994,
PS1,King's Field,0.0,1995-10-22,From Software,16/12/1994,
PS1,King's Field,0.0,1995-10-29,From Software,16/12/1994,
PS1,King's Field,0.0,1995-11-05,From Software,16/12/1994,
PS1,King's Field,0.0,1995-11-12,From Software,16/12/1994,
PS1,King's Field,0.0,1995-11-19,From Software,16/12/1994,
PS1,King's Field,0.0,1995-11-26,From Software,16/12/1994,
PS1,King's Field,0.0,1995-12-03,From Software,16/12/1994,
PS1,King's Field,0.0,1995-12-10,From Software,16/12/1994,
PS1,King's Field,0.0,1995-12-17,From Software,16/12/1994,
PS1,King's Field,0.0,1995-12-24,From Software,16/12/1994,
PS1,King's Field,0.0,1995-12-31,From Software,16/12/1994,
SFC,Super Momotaro Dentetsu III,13.815,1995-01-08,Hudson,09/12/1994,
SFC,Super Momotaro Dentetsu III,0.0,1995-01-15,Hudson,09/12/1994,
SFC,Super Momotaro Dentetsu III,0.0,1995-01-22,Hudson,09/12/1994,
SFC,Super Momotaro Dentetsu III,0.0,1995-01-29,Hudson,09/12/1994,
SFC,Super Momotaro Dentetsu III,0.0,1995-02-05,Hudson,09/12/1994,
SFC,Super Momotaro Dentetsu III,42.745,1995-02-12,Hudson,09/12/1994,
SFC,Super Momotaro Dentetsu III,38.581,1995-02-19,Hudson,09/12/1994,
SFC,Super Momotaro Dentetsu III,4.417,1995-02-26,Hudson,09/12/1994,
SFC,Super Momotaro Dentetsu III,8.037,1995-03-05,Hudson,09/12/1994,
SFC,Super Momotaro Dentetsu III,6.242,1995-03-12,Hudson,09/12/1994,
SFC,Super Momotaro Dentetsu III,5.198,1995-03-19,Hudson,09/12/1994,
SFC,Super Momotaro Dentetsu III,3.354,1995-03-26,Hudson,09/12/1994,
SFC,Super Momotaro Dentetsu III,0.0,1995-04-02,Hudson,09/12/1994,
SFC,Super Momotaro Dentetsu III,0.0,1995-04-09,Hudson,09/12/1994,
SFC,Super Momotaro Dentetsu III,4.344,1995-04-16,Hudson,09/12/1994,
SFC,Super Momotaro Dentetsu III,0.0,1995-04-23,Hudson,09/12/1994,
SFC,Super Momotaro Dentetsu III,0.0,1995-04-30,Hudson,09/12/1994,
SFC,Super Momotaro Dentetsu III,0.0,1995-05-07,Hudson,09/12/1994,
SFC,Super Momotaro Dentetsu III,3.617,1995-05-14,Hudson,09/12/1994,
SFC,Super Momotaro Dentetsu III,6.033,1995-05-21,Hudson,09/12/1994,
SFC,Super Momotaro Dentetsu III,4.851,1995-05-28,Hudson,09/12/1994,
SFC,Super Momotaro Dentetsu III,0.0,1995-06-04,Hudson,09/12/1994,
SFC,Super Momotaro Dentetsu III,3.617,1995-06-11,Hudson,09/12/1994,
SFC,Super Momotaro Dentetsu III,0.0,1995-06-18,Hudson,09/12/1994,
SFC,Super Momotaro Dentetsu III,5.413,1995-06-25,Hudson,09/12/1994,
SFC,Super Momotaro Dentetsu III,0.0,1995-07-02,Hudson,09/12/1994,
SFC,Super Momotaro Dentetsu III,3.154,1995-07-09,Hudson,09/12/1994,
SFC,Super Momotaro Dentetsu III,0.0,1995-07-16,Hudson,09/12/1994,
SFC,Super Momotaro Dentetsu III,0.0,1995-07-23,Hudson,09/12/1994,
SFC,Super Momotaro Dentetsu III,0.0,1995-07-30,Hudson,09/12/1994,
SFC,Super Momotaro Dentetsu III,0.0,1995-08-06,Hudson,09/12/1994,
SFC,Super Momotaro Dentetsu III,0.0,1995-08-13,Hudson,09/12/1994,
SFC,Super Momotaro Dentetsu III,0.0,1995-08-20,Hudson,09/12/1994,
SFC,Super Momotaro Dentetsu III,0.0,1995-08-27,Hudson,09/12/1994,
SFC,Super Momotaro Dentetsu III,0.0,1995-09-03,Hudson,09/12/1994,
SFC,Super Momotaro Dentetsu III,0.0,1995-09-10,Hudson,09/12/1994,
SFC,Super Momotaro Dentetsu III,0.0,1995-09-17,Hudson,09/12/1994,
SFC,Super Momotaro Dentetsu III,0.0,1995-09-24,Hudson,09/12/1994,
SFC,Super Momotaro Dentetsu III,0.0,1995-10-01,Hudson,09/12/1994,
SFC,Super Momotaro Dentetsu III,0.0,1995-10-08,Hudson,09/12/1994,
SFC,Super Momotaro Dentetsu III,0.0,1995-10-15,Hudson,09/12/1994,
SFC,Super Momotaro Dentetsu III,0.0,1995-10-22,Hudson,09/12/1994,
SFC,Super Momotaro Dentetsu III,0.0,1995-10-29,Hudson,09/12/1994,
SFC,Super Momotaro Dentetsu III,0.0,1995-11-05,Hudson,09/12/1994,
SFC,Super Momotaro Dentetsu III,0.0,1995-11-12,Hudson,09/12/1994,
SFC,Super Momotaro Dentetsu III,0.0,1995-11-19,Hudson,09/12/1994,
SFC,Super Momotaro Dentetsu III,0.0,1995-11-26,Hudson,09/12/1994,
SFC,Super Momotaro Dentetsu III,0.0,1995-12-03,Hudson,09/12/1994,
SFC,Super Momotaro Dentetsu III,0.0,1995-12-10,Hudson,09/12/1994,
SFC,Super Momotaro Dentetsu III,0.0,1995-12-17,Hudson,09/12/1994,
SFC,Super Momotaro Dentetsu III,0.0,1995-12-24,Hudson,09/12/1994,
SFC,Super Momotaro Dentetsu III,0.0,1995-12-31,Hudson,09/12/1994,
PCE,Graduation II: Neo Generation [Turbo CD],13.217,1995-01-08,Riverhillsoft,23/12/1994,
PCE,Graduation II: Neo Generation [Turbo CD],0.0,1995-01-15,Riverhillsoft,23/12/1994,
PCE,Graduation II: Neo Generation [Turbo CD],0.0,1995-01-22,Riverhillsoft,23/12/1994,
PCE,Graduation II: Neo Generation [Turbo CD],0.0,1995-01-29,Riverhillsoft,23/12/1994,
PCE,Graduation II: Neo Generation [Turbo CD],0.0,1995-02-05,Riverhillsoft,23/12/1994,
PCE,Graduation II: Neo Generation [Turbo CD],0.0,1995-02-12,Riverhillsoft,23/12/1994,
PCE,Graduation II: Neo Generation [Turbo CD],0.0,1995-02-19,Riverhillsoft,23/12/1994,
PCE,Graduation II: Neo Generation [Turbo CD],0.0,1995-02-26,Riverhillsoft,23/12/1994,
PCE,Graduation II: Neo Generation [Turbo CD],0.0,1995-03-05,Riverhillsoft,23/12/1994,
PCE,Graduation II: Neo Generation [Turbo CD],0.0,1995-03-12,Riverhillsoft,23/12/1994,
PCE,Graduation II: Neo Generation [Turbo CD],0.0,1995-03-19,Riverhillsoft,23/12/1994,
PCE,Graduation II: Neo Generation [Turbo CD],0.0,1995-03-26,Riverhillsoft,23/12/1994,
PCE,Graduation II: Neo Generation [Turbo CD],0.0,1995-04-02,Riverhillsoft,23/12/1994,
PCE,Graduation II: Neo Generation [Turbo CD],0.0,1995-04-09,Riverhillsoft,23/12/1994,
PCE,Graduation II: Neo Generation [Turbo CD],0.0,1995-04-16,Riverhillsoft,23/12/1994,
PCE,Graduation II: Neo Generation [Turbo CD],0.0,1995-04-23,Riverhillsoft,23/12/1994,
PCE,Graduation II: Neo Generation [Turbo CD],0.0,1995-04-30,Riverhillsoft,23/12/1994,
PCE,Graduation II: Neo Generation [Turbo CD],0.0,1995-05-07,Riverhillsoft,23/12/1994,
PCE,Graduation II: Neo Generation [Turbo CD],0.0,1995-05-14,Riverhillsoft,23/12/1994,
PCE,Graduation II: Neo Generation [Turbo CD],0.0,1995-05-21,Riverhillsoft,23/12/1994,
PCE,Graduation II: Neo Generation [Turbo CD],0.0,1995-05-28,Riverhillsoft,23/12/1994,
PCE,Graduation II: Neo Generation [Turbo CD],0.0,1995-06-04,Riverhillsoft,23/12/1994,
PCE,Graduation II: Neo Generation [Turbo CD],0.0,1995-06-11,Riverhillsoft,23/12/1994,
PCE,Graduation II: Neo Generation [Turbo CD],0.0,1995-06-18,Riverhillsoft,23/12/1994,
PCE,Graduation II: Neo Generation [Turbo CD],0.0,1995-06-25,Riverhillsoft,23/12/1994,
PCE,Graduation II: Neo Generation [Turbo CD],0.0,1995-07-02,Riverhillsoft,23/12/1994,
PCE,Graduation II: Neo Generation [Turbo CD],0.0,1995-07-09,Riverhillsoft,23/12/1994,
PCE,Graduation II: Neo Generation [Turbo CD],0.0,1995-07-16,Riverhillsoft,23/12/1994,
PCE,Graduation II: Neo Generation [Turbo CD],0.0,1995-07-23,Riverhillsoft,23/12/1994,
PCE,Graduation II: Neo Generation [Turbo CD],0.0,1995-07-30,Riverhillsoft,23/12/1994,
PCE,Graduation II: Neo Generation [Turbo CD],0.0,1995-08-06,Riverhillsoft,23/12/1994,
PCE,Graduation II: Neo Generation [Turbo CD],0.0,1995-08-13,Riverhillsoft,23/12/1994,
PCE,Graduation II: Neo Generation [Turbo CD],0.0,1995-08-20,Riverhillsoft,23/12/1994,
PCE,Graduation II: Neo Generation [Turbo CD],0.0,1995-08-27,Riverhillsoft,23/12/1994,
PCE,Graduation II: Neo Generation [Turbo CD],0.0,1995-09-03,Riverhillsoft,23/12/1994,
PCE,Graduation II: Neo Generation [Turbo CD],0.0,1995-09-10,Riverhillsoft,23/12/1994,
PCE,Graduation II: Neo Generation [Turbo CD],0.0,1995-09-17,Riverhillsoft,23/12/1994,
PCE,Graduation II: Neo Generation [Turbo CD],0.0,1995-09-24,Riverhillsoft,23/12/1994,
PCE,Graduation II: Neo Generation [Turbo CD],0.0,1995-10-01,Riverhillsoft,23/12/1994,
PCE,Graduation II: Neo Generation [Turbo CD],0.0,1995-10-08,Riverhillsoft,23/12/1994,
PCE,Graduation II: Neo Generation [Turbo CD],0.0,1995-10-15,Riverhillsoft,23/12/1994,
PCE,Graduation II: Neo Generation [Turbo CD],0.0,1995-10-22,Riverhillsoft,23/12/1994,
PCE,Graduation II: Neo Generation [Turbo CD],0.0,1995-10-29,Riverhillsoft,23/12/1994,
PCE,Graduation II: Neo Generation [Turbo CD],0.0,1995-11-05,Riverhillsoft,23/12/1994,
PCE,Graduation II: Neo Generation [Turbo CD],0.0,1995-11-12,Riverhillsoft,23/12/1994,
PCE,Graduation II: Neo Generation [Turbo CD],0.0,1995-11-19,Riverhillsoft,23/12/1994,
PCE,Graduation II: Neo Generation [Turbo CD],0.0,1995-11-26,Riverhillsoft,23/12/1994,
PCE,Graduation II: Neo Generation [Turbo CD],0.0,1995-12-03,Riverhillsoft,23/12/1994,
PCE,Graduation II: Neo Generation [Turbo CD],0.0,1995-12-10,Riverhillsoft,23/12/1994,
PCE,Graduation II: Neo Generation [Turbo CD],0.0,1995-12-17,Riverhillsoft,23/12/1994,
PCE,Graduation II: Neo Generation [Turbo CD],0.0,1995-12-24,Riverhillsoft,23/12/1994,
PCE,Graduation II: Neo Generation [Turbo CD],0.0,1995-12-31,Riverhillsoft,23/12/1994,
SFC,Dual Orb II,12.885,1995-01-08,IMAX,29/12/1994,
SFC,Dual Orb II,0.0,1995-01-15,IMAX,29/12/1994,
SFC,Dual Orb II,0.0,1995-01-22,IMAX,29/12/1994,
SFC,Dual Orb II,0.0,1995-01-29,IMAX,29/12/1994,
SFC,Dual Orb II,0.0,1995-02-05,IMAX,29/12/1994,
SFC,Dual Orb II,0.0,1995-02-12,IMAX,29/12/1994,
SFC,Dual Orb II,0.0,1995-02-19,IMAX,29/12/1994,
SFC,Dual Orb II,0.0,1995-02-26,IMAX,29/12/1994,
SFC,Dual Orb II,0.0,1995-03-05,IMAX,29/12/1994,
SFC,Dual Orb II,0.0,1995-03-12,IMAX,29/12/1994,
SFC,Dual Orb II,0.0,1995-03-19,IMAX,29/12/1994,
SFC,Dual Orb II,0.0,1995-03-26,IMAX,29/12/1994,
SFC,Dual Orb II,0.0,1995-04-02,IMAX,29/12/1994,
SFC,Dual Orb II,0.0,1995-04-09,IMAX,29/12/1994,
SFC,Dual Orb II,0.0,1995-04-16,IMAX,29/12/1994,
SFC,Dual Orb II,0.0,1995-04-23,IMAX,29/12/1994,
SFC,Dual Orb II,0.0,1995-04-30,IMAX,29/12/1994,
SFC,Dual Orb II,0.0,1995-05-07,IMAX,29/12/1994,
SFC,Dual Orb II,0.0,1995-05-14,IMAX,29/12/1994,
SFC,Dual Orb II,0.0,1995-05-21,IMAX,29/12/1994,
SFC,Dual Orb II,0.0,1995-05-28,IMAX,29/12/1994,
SFC,Dual Orb II,0.0,1995-06-04,IMAX,29/12/1994,
SFC,Dual Orb II,0.0,1995-06-11,IMAX,29/12/1994,
SFC,Dual Orb II,0.0,1995-06-18,IMAX,29/12/1994,
SFC,Dual Orb II,0.0,1995-06-25,IMAX,29/12/1994,
SFC,Dual Orb II,0.0,1995-07-02,IMAX,29/12/1994,
SFC,Dual Orb II,0.0,1995-07-09,IMAX,29/12/1994,
SFC,Dual Orb II,0.0,1995-07-16,IMAX,29/12/1994,
SFC,Dual Orb II,0.0,1995-07-23,IMAX,29/12/1994,
SFC,Dual Orb II,0.0,1995-07-30,IMAX,29/12/1994,
SFC,Dual Orb II,0.0,1995-08-06,IMAX,29/12/1994,
SFC,Dual Orb II,0.0,1995-08-13,IMAX,29/12/1994,
SFC,Dual Orb II,0.0,1995-08-20,IMAX,29/12/1994,
SFC,Dual Orb II,0.0,1995-08-27,IMAX,29/12/1994,
SFC,Dual Orb II,0.0,1995-09-03,IMAX,29/12/1994,
SFC,Dual Orb II,0.0,1995-09-10,IMAX,29/12/1994,
SFC,Dual Orb II,0.0,1995-09-17,IMAX,29/12/1994,
SFC,Dual Orb II,0.0,1995-09-24,IMAX,29/12/1994,
SFC,Dual Orb II,0.0,1995-10-01,IMAX,29/12/1994,
SFC,Dual Orb II,0.0,1995-10-08,IMAX,29/12/1994,
SFC,Dual Orb II,0.0,1995-10-15,IMAX,29/12/1994,
SFC,Dual Orb II,0.0,1995-10-22,IMAX,29/12/1994,
SFC,Dual Orb II,0.0,1995-10-29,IMAX,29/12/1994,
SFC,Dual Orb II,0.0,1995-11-05,IMAX,29/12/1994,
SFC,Dual Orb II,0.0,1995-11-12,IMAX,29/12/1994,
SFC,Dual Orb II,0.0,1995-11-19,IMAX,29/12/1994,
SFC,Dual Orb II,0.0,1995-11-26,IMAX,29/12/1994,
SFC,Dual Orb II,0.0,1995-12-03,IMAX,29/12/1994,
SFC,Dual Orb II,0.0,1995-12-10,IMAX,29/12/1994,
SFC,Dual Orb II,0.0,1995-12-17,IMAX,29/12/1994,
SFC,Dual Orb II,0.0,1995-12-24,IMAX,29/12/1994,
SFC,Dual Orb II,0.0,1995-12-31,IMAX,29/12/1994,
SFC,International Super Star Soccer: Perfect Eleven,12.72,1995-01-08,Konami,11/11/1994,
SFC,International Super Star Soccer: Perfect Eleven,0.0,1995-01-15,Konami,11/11/1994,
SFC,International Super Star Soccer: Perfect Eleven,4.344,1995-01-22,Konami,11/11/1994,
SFC,International Super Star Soccer: Perfect Eleven,6.044,1995-01-29,Konami,11/11/1994,
SFC,International Super Star Soccer: Perfect Eleven,2.73,1995-02-05,Konami,11/11/1994,
SFC,International Super Star Soccer: Perfect Eleven,0.0,1995-02-12,Konami,11/11/1994,
SFC,International Super Star Soccer: Perfect Eleven,0.0,1995-02-19,Konami,11/11/1994,
SFC,International Super Star Soccer: Perfect Eleven,0.0,1995-02-26,Konami,11/11/1994,
SFC,International Super Star Soccer: Perfect Eleven,0.0,1995-03-05,Konami,11/11/1994,
SFC,International Super Star Soccer: Perfect Eleven,0.0,1995-03-12,Konami,11/11/1994,
SFC,International Super Star Soccer: Perfect Eleven,0.0,1995-03-19,Konami,11/11/1994,
SFC,International Super Star Soccer: Perfect Eleven,0.0,1995-03-26,Konami,11/11/1994,
SFC,International Super Star Soccer: Perfect Eleven,0.0,1995-04-02,Konami,11/11/1994,
SFC,International Super Star Soccer: Perfect Eleven,0.0,1995-04-09,Konami,11/11/1994,
SFC,International Super Star Soccer: Perfect Eleven,0.0,1995-04-16,Konami,11/11/1994,
SFC,International Super Star Soccer: Perfect Eleven,0.0,1995-04-23,Konami,11/11/1994,
SFC,International Super Star Soccer: Perfect Eleven,0.0,1995-04-30,Konami,11/11/1994,
SFC,International Super Star Soccer: Perfect Eleven,0.0,1995-05-07,Konami,11/11/1994,
SFC,International Super Star Soccer: Perfect Eleven,0.0,1995-05-14,Konami,11/11/1994,
SFC,International Super Star Soccer: Perfect Eleven,0.0,1995-05-21,Konami,11/11/1994,
SFC,International Super Star Soccer: Perfect Eleven,0.0,1995-05-28,Konami,11/11/1994,
SFC,International Super Star Soccer: Perfect Eleven,0.0,1995-06-04,Konami,11/11/1994,
SFC,International Super Star Soccer: Perfect Eleven,0.0,1995-06-11,Konami,11/11/1994,
SFC,International Super Star Soccer: Perfect Eleven,0.0,1995-06-18,Konami,11/11/1994,
SFC,International Super Star Soccer: Perfect Eleven,0.0,1995-06-25,Konami,11/11/1994,
SFC,International Super Star Soccer: Perfect Eleven,0.0,1995-07-02,Konami,11/11/1994,
SFC,International Super Star Soccer: Perfect Eleven,0.0,1995-07-09,Konami,11/11/1994,
SFC,International Super Star Soccer: Perfect Eleven,0.0,1995-07-16,Konami,11/11/1994,
SFC,International Super Star Soccer: Perfect Eleven,0.0,1995-07-23,Konami,11/11/1994,
SFC,International Super Star Soccer: Perfect Eleven,0.0,1995-07-30,Konami,11/11/1994,
SFC,International Super Star Soccer: Perfect Eleven,0.0,1995-08-06,Konami,11/11/1994,
SFC,International Super Star Soccer: Perfect Eleven,0.0,1995-08-13,Konami,11/11/1994,
SFC,International Super Star Soccer: Perfect Eleven,0.0,1995-08-20,Konami,11/11/1994,
SFC,International Super Star Soccer: Perfect Eleven,0.0,1995-08-27,Konami,11/11/1994,
SFC,International Super Star Soccer: Perfect Eleven,0.0,1995-09-03,Konami,11/11/1994,
SFC,International Super Star Soccer: Perfect Eleven,0.0,1995-09-10,Konami,11/11/1994,
SFC,International Super Star Soccer: Perfect Eleven,0.0,1995-09-17,Konami,11/11/1994,
SFC,International Super Star Soccer: Perfect Eleven,0.0,1995-09-24,Konami,11/11/1994,
SFC,International Super Star Soccer: Perfect Eleven,0.0,1995-10-01,Konami,11/11/1994,
SFC,International Super Star Soccer: Perfect Eleven,0.0,1995-10-08,Konami,11/11/1994,
SFC,International Super Star Soccer: Perfect Eleven,0.0,1995-10-15,Konami,11/11/1994,
SFC,International Super Star Soccer: Perfect Eleven,0.0,1995-10-22,Konami,11/11/1994,
SFC,International Super Star Soccer: Perfect Eleven,0.0,1995-10-29,Konami,11/11/1994,
SFC,International Super Star Soccer: Perfect Eleven,0.0,1995-11-05,Konami,11/11/1994,
SFC,International Super Star Soccer: Perfect Eleven,0.0,1995-11-12,Konami,11/11/1994,
SFC,International Super Star Soccer: Perfect Eleven,0.0,1995-11-19,Konami,11/11/1994,
SFC,International Super Star Soccer: Perfect Eleven,0.0,1995-11-26,Konami,11/11/1994,
SFC,International Super Star Soccer: Perfect Eleven,0.0,1995-12-03,Konami,11/11/1994,
SFC,International Super Star Soccer: Perfect Eleven,0.0,1995-12-10,Konami,11/11/1994,
SFC,International Super Star Soccer: Perfect Eleven,0.0,1995-12-17,Konami,11/11/1994,
SFC,International Super Star Soccer: Perfect Eleven,0.0,1995-12-24,Konami,11/11/1994,
SFC,International Super Star Soccer: Perfect Eleven,0.0,1995-12-31,Konami,11/11/1994,
